"mRNA","logFC","AveExpr","t","P.Value","adj.P.Val","B"
"ENSG00000171208.10",0.832255966083719,2.36618303055604,6.23182954080057,1.56009608209158e-09,2.30825046790502e-05,11.2810985247008
"ENSG00000283199.3",-0.58029290334094,0.392475607510753,-6.19631650214127,1.90606975054089e-09,2.30825046790502e-05,11.0953447058067
"ENSG00000117632.23",0.875158352465755,5.49692925190195,5.91386155668642,9.09917732927764e-09,7.06306684179874e-05,9.64702616149978
"ENSG00000185561.10",-0.639242443589832,1.71761627932379,-5.7201136990173,2.57665642040517e-08,9.59133593790582e-05,8.6840876857903
"ENSG00000120306.11",-0.946858734498432,4.64914313635974,-5.67148704507597,3.3322796160336e-08,0.000100884765375417,8.44639365667353
"ENSG00000243566.7",-1.85710743796064,2.26654921143081,-5.55268704893243,6.20257938314422e-08,0.000150669911341503,7.87250157766658
"ENSG00000166734.20",-0.56537496766417,3.31454879881397,-5.50136762689974,8.08715461370579e-08,0.000150669911341503,7.62760946226314
"ENSG00000139793.18",-0.779716253593945,3.29263867915696,-5.41518441635949,1.25737102715961e-07,0.000203023508518705,7.22048820572745
"ENSG00000123739.11",-0.517966559947366,2.18293071327827,-5.37356415140607,1.55309369453837e-07,0.000207006343084674,7.02574808615657
"ENSG00000150457.9",-0.52014619218526,2.39013221837013,-5.36474641766728,1.62391433468572e-07,0.000207006343084674,6.98464730293521
"ENSG00000085840.13",0.814538079880473,2.67467616214279,5.31805196020582,2.05450377275839e-07,0.000234194374438949,6.76791669693785
"ENSG00000029993.15",0.902184770378137,5.16966077110919,5.31716427806261,2.06367883386241e-07,0.000234194374438949,6.76381156373887
"ENSG00000143476.18",0.680799219076945,2.88660451630824,5.30030044819279,2.24573511632564e-07,0.000234971546989575,6.68593052871397
"ENSG00000091651.9",0.629389797728891,2.38471590188863,5.29307969465285,2.3283720593517e-07,0.000234971546989575,6.65264544144274
"ENSG00000110047.18",-0.542327276299933,3.83222962891325,-5.28167566587568,2.46493134400942e-07,0.000238802548607633,6.60015278516457
"ENSG00000196616.14",-0.882896681176155,0.695253144244951,-5.25188181545524,2.85942422597948e-07,0.000248329339317879,6.46345092795414
"ENSG00000172508.10",-0.724937566722153,0.682167548019632,-5.20488339594648,3.60920510663929e-07,0.000301430854078633,6.24910506448958
"ENSG00000178999.13",0.81823685382269,3.99150871060057,5.15401363604636,4.63536227143441e-07,0.000356325028853676,6.01889778381504
"ENSG00000164045.12",0.829955393659692,2.35421378110746,5.11418253410264,5.63115444790296e-07,0.000368612326292459,5.83995385466497
"ENSG00000142945.13",0.727244939426444,3.73858186378208,5.10163665571284,5.9856607850135e-07,0.000370824576788048,5.78382956643944
"ENSG00000186871.7",0.691205466169257,1.8307341771371,5.09933618306504,6.05296941233845e-07,0.000370824576788048,5.77355078889134
"ENSG00000132780.17",0.648758988614163,4.63822900239669,5.08789248785687,6.39884031707133e-07,0.000370824576788048,5.72247638813681
"ENSG00000073910.22",-0.501704373239874,0.96351420854014,-5.0755867882141,6.7921135328512e-07,0.000370824576788048,5.66766143594681
"ENSG00000123485.12",0.682373459243323,3.00710227889054,5.07369328176623,6.85466872593127e-07,0.000370824576788048,5.65923675414073
"ENSG00000170779.11",0.639315200079573,3.92273485845358,5.06743981622182,7.06525156106055e-07,0.000370824576788048,5.63143215268112
"ENSG00000097046.13",0.592297852318099,2.62876725894627,5.06364679498102,7.19601779894231e-07,0.000370824576788048,5.61458128918207
"ENSG00000174371.17",0.625184933983171,2.37148352747713,5.0398318946642,8.07221887539369e-07,0.000393095721389631,5.50902202993282
"ENSG00000182481.10",0.613727206037938,4.77160864318996,5.03745691236768,8.16505913874999e-07,0.000393095721389631,5.49851774819798
"ENSG00000077152.11",0.670293326154784,4.14574510209895,5.03461758720336,8.27740784098728e-07,0.000393095721389631,5.48596516187812
"ENSG00000013364.19",-0.619915245038439,5.34476596104863,-4.97854023611314,1.08287494577219e-06,0.000468343414046474,5.23926339312365
"ENSG00000100814.18",0.56742461742552,3.65669763047088,4.96499272573978,1.15508707137162e-06,0.000476648597822725,5.18001136210887
"ENSG00000111247.15",0.699586534345578,2.96922016992142,4.9548686512661,1.21206933659637e-06,0.000481994379720975,5.13582081545302
"ENSG00000080493.18",-0.772737720825128,0.85143845086402,-4.95394789695984,1.21738448687728e-06,0.000481994379720975,5.13180557953082
"ENSG00000280206.1",0.668160280013453,3.97148266458857,4.95090052384758,1.23513696285331e-06,0.000481994379720975,5.11852103564292
"ENSG00000127423.11",0.575627729197323,2.02046315720302,4.94633637768116,1.26219437113429e-06,0.000481994379720975,5.09863722004163
"ENSG00000228168.1",0.58464434191484,1.28753660528708,4.92962221010649,1.36625711877126e-06,0.000489266033536342,5.025953318511
"ENSG00000153044.10",0.642726282285101,3.2275843793704,4.92903408934484,1.37006581617191e-06,0.000489266033536342,5.02339956629384
"ENSG00000126787.13",0.752132584510835,3.32884626026362,4.92539487250748,1.393862771016e-06,0.000489266033536342,5.00760297961862
"ENSG00000179292.5",-0.83857865539761,0.561418757483061,-4.91278844419611,1.47942460985565e-06,0.000500098237141507,4.95295885837772
"ENSG00000161011.20",-0.580447848749083,4.62316023218151,-4.91069661446373,1.49410457074904e-06,0.000500098237141507,4.9439029870534
"ENSG00000104738.18",0.657897535331894,4.73136619733732,4.89997278196698,1.57159968531803e-06,0.000509069118602142,4.89752887560214
"ENSG00000143228.13",0.610749271869698,2.85322547211279,4.88804908688924,1.66232495671386e-06,0.000516173210918072,4.84606658155074
"ENSG00000106268.15",0.662117150892674,4.1121695246601,4.87894025651416,1.735020279056e-06,0.000526075676791893,4.80682453178903
"ENSG00000188883.5",1.30208715704694,1.86395688725872,4.87676835270231,1.75280179410107e-06,0.000526075676791893,4.79747681725851
"ENSG00000101003.10",0.569016199494706,2.99659085242433,4.87351602333916,1.77975833519415e-06,0.000526075676791893,4.78348561143616
"ENSG00000198554.12",0.763783853233157,2.59217430135131,4.86502017100318,1.85207764424875e-06,0.00053401572075839,4.74697452874991
"ENSG00000154229.12",-0.576063155755683,1.68279057894467,-4.86055576568961,1.8912091373645e-06,0.000538883356552567,4.72781027027939
"ENSG00000166508.18",0.621025261497204,5.81028115586893,4.81864301964511,2.29968879767616e-06,0.000647656542787402,4.54861950200108
"ENSG00000203760.9",0.8825842007046,4.74637246937949,4.79314655313641,2.58851763456007e-06,0.000696598856767165,4.44025825670637
"ENSG00000196189.13",0.545050477257986,2.85436834786086,4.78698566902421,2.66339023180466e-06,0.00070555495667699,4.4141475150176
"ENSG00000237649.8",0.65167540182329,4.17866737456257,4.77754944221011,2.78213249045083e-06,0.000709297357039148,4.37421078914324
"ENSG00000179588.9",-0.516320693942837,1.35290878453684,-4.72592245011608,3.52774399214741e-06,0.000797250048443502,4.15690044816471
"ENSG00000076382.17",0.600803838369458,3.31725130147301,4.72482367523943,3.54553810722423e-06,0.000797250048443502,4.15229734452263
"ENSG00000075223.14",-1.0423662254289,3.20555486643379,-4.72408078443302,3.55761782748584e-06,0.000797250048443502,4.14918566612542
"ENSG00000085999.13",0.535850160626827,1.87479757185847,4.70371688876681,3.90462031102269e-06,0.00083327859249359,4.06405218792909
"ENSG00000125319.15",0.52736364349177,2.43414057270981,4.69846355079859,3.99929674859927e-06,0.000838362357289473,4.04214108551064
"ENSG00000206538.9",-0.726207103794235,1.08822148011624,-4.69570504264928,4.04989247740992e-06,0.000838362357289473,4.03064403851974
"ENSG00000168477.19",-0.647253447725242,0.941759900651904,-4.67789309235184,4.39174858128502e-06,0.000871942862196555,3.9565457384602
"ENSG00000115163.15",0.736782243787871,3.16321908853303,4.67110513013762,4.52920302440355e-06,0.000871942862196555,3.92837110079723
"ENSG00000186174.12",-0.607365600688582,2.64363196508583,-4.67067845035969,4.53798015148925e-06,0.000871942862196555,3.92660126265447
"ENSG00000181444.13",-0.64716024760767,1.9464214873617,-4.6698875158919,4.55429360650051e-06,0.000871942862196555,3.92332088797753
"ENSG00000134240.12",-1.41986341604927,1.21225830032823,-4.66515939944739,4.65299749968675e-06,0.000871942862196555,3.90372111776619
"ENSG00000165905.18",0.951305539344959,3.43269229743874,4.65603984159386,4.84922475649593e-06,0.000871942862196555,3.86596533170248
"ENSG00000143409.15",-0.56570768397186,2.69604627250265,-4.65558263629626,4.85926935877605e-06,0.000871942862196555,3.86407412979095
"ENSG00000179051.14",0.57334748358415,5.8912651706616,4.65474335819816,4.87776008173966e-06,0.000871942862196555,3.86060292186471
"ENSG00000117724.13",0.586446581125995,3.18605076168525,4.65441929425627,4.88491786920037e-06,0.000871942862196555,3.85926275502839
"ENSG00000112039.5",0.578773804110526,3.0439182456884,4.64982415752814,4.98750778285297e-06,0.000871942862196555,3.84026818235346
"ENSG00000165891.16",0.555235924393216,1.61503580363682,4.6479636476697,5.02963212866787e-06,0.000871942862196555,3.83258211378963
"ENSG00000093009.11",0.660123149458966,3.14783024639976,4.63949100723972,5.22583249197792e-06,0.000882333469097668,3.79761367268882
"ENSG00000164611.13",0.703277046391142,4.7267262348622,4.62377815918242,5.60935796714158e-06,0.00093053869838472,3.73290846868242
"ENSG00000167670.16",0.523151363289754,3.45063416392134,4.61559631019672,5.81964315669384e-06,0.000952376738210302,3.69929052733188
"ENSG00000065328.17",0.527946863271337,2.04568825239194,4.60917321512106,5.99001844857672e-06,0.000956858944727286,3.67293493601256
"ENSG00000111602.12",0.555206855848778,3.90227148745768,4.60715384296818,6.04456723960672e-06,0.000956858944727286,3.66465546753307
"ENSG00000101057.16",1.06846669418734,5.51155524559716,4.60230060607218,6.17762737927635e-06,0.000959116250808161,3.64476987205819
"ENSG00000182870.13",-0.603639596719014,0.364750629489739,-4.58480044125494,6.6812108159881e-06,0.0010113682872702,3.5732148871472
"ENSG00000090889.12",0.53651967022381,3.02320940431003,4.57721495767851,6.91154563714738e-06,0.00102444098798222,3.54227225353496
"ENSG00000049239.13",-0.508661085319093,3.69565742079428,-4.57599308487913,6.9493547260343e-06,0.00102444098798222,3.53729213483419
"ENSG00000198353.8",-0.582860561044167,1.20882028820856,-4.57555044601567,6.96310054199905e-06,0.00102444098798222,3.53548830696962
"ENSG00000119969.15",0.665302656346245,2.24968349045688,4.57399007986896,7.01176529434974e-06,0.00102444098798222,3.52913075323493
"ENSG00000203995.10",0.797972895577486,1.13182538540565,4.55631161541862,7.58646182580382e-06,0.00109132601329039,3.45723240904488
"ENSG00000102575.13",0.847436193950441,4.43133526068836,4.54885340876876,7.84225853603524e-06,0.00111075732013318,3.42697201188406
"ENSG00000140451.13",0.622680652835289,1.94297685995994,4.54433239416656,8.00133006348227e-06,0.00112669891940431,3.40864962884385
"ENSG00000102098.19",0.522439677754116,1.01493356985794,4.51403738635871,9.15005751753919e-06,0.00121418526370869,3.28627939832171
"ENSG00000082438.17",-0.603628605677896,1.83349808169855,-4.51344399853612,9.17406702141576e-06,0.00121418526370869,3.28388961154862
"ENSG00000080986.13",0.533998444094745,2.9815904356224,4.50166209865205,9.66349799686964e-06,0.00124378502327363,3.23649602323949
"ENSG00000158023.10",0.593025868837762,1.32718429985567,4.49931208815511,9.76407372891767e-06,0.00124378502327363,3.22705577310862
"ENSG00000089685.15",0.641283924327799,4.25009947806201,4.49541224189308,9.93320052056338e-06,0.00124378502327363,3.21139909564639
"ENSG00000129195.16",0.578974078994717,2.35020281288835,4.49486125109436,9.95732118405804e-06,0.00124378502327363,3.20918798719944
"ENSG00000116574.6",-0.861357953908522,2.90639133582512,-4.49473655879888,9.962787621237e-06,0.00124378502327363,3.20868763362621
"ENSG00000213316.10",-0.57009096999232,1.35347762378486,-4.49453743647004,9.97152300102136e-06,0.00124378502327363,3.20788863914523
"ENSG00000184661.14",0.548627932140654,2.2878457002766,4.48429059050891,1.04311047871521e-05,0.00124399328943371,3.16681379491481
"ENSG00000237575.4",1.0217368830229,1.41935679673868,4.48426407483068,1.04323200040267e-05,0.00124399328943371,3.16670761141742
"ENSG00000107819.13",-0.525554406397232,3.35247493738047,-4.47502359154855,1.08641896463808e-05,0.0012587046666066,3.12973678172387
"ENSG00000100297.16",0.575432479902638,4.23915627796378,4.46537256219381,1.13335418998172e-05,0.00128872481133133,3.09119409280039
"ENSG00000141905.19",-0.631062522358643,3.56369370135978,-4.46342129624054,1.14307722956946e-05,0.00129180798606864,3.0834102358177
"ENSG00000135451.13",0.615181173790124,3.06768771291469,4.45758878419065,1.17261969115263e-05,0.00129180798606864,3.06016120727817
"ENSG00000276712.1",0.518675361885928,1.59185646336436,4.45297565514546,1.19650315219144e-05,0.00129922434725831,3.04179149269094
"ENSG00000106004.5",-0.725267463645461,1.86322152743436,-4.45200363068486,1.20159477203081e-05,0.00129922434725831,3.03792295167478
"ENSG00000124920.14",-0.90555094339654,1.66322431189739,-4.44239509226336,1.25305667893344e-05,0.00134884590061191,2.99972164704461
"ENSG00000103056.12",-0.674500069645168,1.17747110717068,-4.43178031846996,1.31236407438817e-05,0.00140024043531636,2.95760330520806
"ENSG00000181830.9",-0.501458830778195,3.57575919755729,-4.42262439002779,1.36567409586751e-05,0.00143074298318075,2.92134400562544
"ENSG00000248554.1",0.550200330895084,1.03520281930386,4.41908521736371,1.38683202996785e-05,0.00143572171237353,2.90734568643291
"ENSG00000141448.11",-0.815721267004536,1.63348859996579,-4.41364764262588,1.41995239969192e-05,0.00145055167260207,2.88585774137263
"ENSG00000172037.14",-0.669037319114615,4.45710298076858,-4.40771833052254,1.45693173611186e-05,0.00146516183652116,2.86245286376951
"ENSG00000140391.15",-0.577978520368906,4.75305864739989,-4.4075646165945,1.45790257060941e-05,0.00146516183652116,2.86184647097016
"ENSG00000082458.12",0.54045688940318,3.26904017160761,4.4004647372874,1.50342623073742e-05,0.00147037387685973,2.83385795130494
"ENSG00000128274.17",0.820202516652376,3.87620372195517,4.39920323953997,1.51165605011591e-05,0.00147037387685973,2.82888910467554
"ENSG00000175063.17",0.720565733317984,5.71942409671052,4.39615618945243,1.53171298060244e-05,0.00147386392946504,2.81689236881724
"ENSG00000132517.15",0.541591206666462,1.17375655835163,4.39588655668729,1.53350004221796e-05,0.00147386392946504,2.81583112978508
"ENSG00000255717.7",0.500994224769063,4.04213524232098,4.38656905655438,1.59649616826007e-05,0.00149872624787825,2.77919358918861
"ENSG00000243649.9",-0.613014500271727,0.868520591226668,-4.37986874004645,1.64332185520905e-05,0.00152635691036446,2.75288909841957
"ENSG00000221539.1",0.617081752161144,3.00025901147521,4.37965521919631,1.64483548144147e-05,0.00152635691036446,2.75205142342731
"ENSG00000143845.15",0.543933365597238,1.81907503484794,4.37337940866927,1.68992521425152e-05,0.00153872137929217,2.72744639668827
"ENSG00000102547.19",-0.528993311143575,1.65060210050072,-4.37242046909225,1.69691831157668e-05,0.00153908177789859,2.72368948118856
"ENSG00000146070.17",0.751027151587038,2.44293830807785,4.37072033158727,1.70938479873955e-05,0.00153908177789859,2.71703048453836
"ENSG00000267480.1",0.504046495138772,1.9294890300051,4.36643240934987,1.74121733963105e-05,0.00154971252877628,2.70024586393549
"ENSG00000141682.12",0.694597690215567,3.47731118873253,4.35431514418008,1.83427109430684e-05,0.00160963934435187,2.65289200114252
"ENSG00000183765.23",0.504415532788964,2.72606854796706,4.3406544229335,1.94488574409058e-05,0.0016883560115367,2.59964448314501
"ENSG00000170312.16",0.554444021205242,3.90881037629089,4.31849007230376,2.13805751744866e-05,0.00179717053475814,2.51356293519175
"ENSG00000112742.10",0.542826726891147,2.58622462702411,4.31456606870849,2.17411629514507e-05,0.00179717053475814,2.49836321124921
"ENSG00000179277.9",-0.583682252819192,1.56536384413703,-4.30834632886618,2.23246580001281e-05,0.0018391265876296,2.47429573193731
"ENSG00000237523.2",-0.508729139510372,1.17748907913253,-4.30677846872064,2.24740912593711e-05,0.00184270809287959,2.46823365564317
"ENSG00000075218.19",0.509051607801338,2.70386794337032,4.30629569310885,2.2520297088867e-05,0.00184270809287959,2.46636741059579
"ENSG00000137309.20",0.796224990091276,7.38877563614665,4.29861306070101,2.32679329705786e-05,0.00186380552850532,2.43669370239863
"ENSG00000139874.6",-0.502622274390054,0.531268383673872,-4.29683402627941,2.34444139234748e-05,0.00186380552850532,2.42982892215
"ENSG00000256673.1",0.689230730438242,1.66819352663028,4.28886691563675,2.42505775648193e-05,0.00189007017268192,2.39911675969886
"ENSG00000106258.15",-0.552584121268761,1.07467717071599,-4.28824377558761,2.43147363096687e-05,0.00189007017268192,2.39671674821936
"ENSG00000134690.11",0.558352689275862,3.95759642330559,4.27613931218704,2.55936879354267e-05,0.00194372054767663,2.35015745232756
"ENSG00000169679.15",0.504280337996485,2.84480208558157,4.27607535560113,2.56006133240646e-05,0.00194372054767663,2.34991175335221
"ENSG00000116062.17",0.583034643275317,3.33789820844336,4.2732109931094,2.59126172496951e-05,0.00196126121808629,2.33891118130829
"ENSG00000113645.15",-0.568671185000042,2.52201765542091,-4.26538066214866,2.67842023269843e-05,0.00198383296746042,2.30887191728509
"ENSG00000172935.9",-0.715397336679949,1.50458158339379,-4.26142974672845,2.72345402766921e-05,0.00199281137613741,2.29373353858659
"ENSG00000186185.14",0.5259283328301,2.84706851788931,4.25645201590446,2.78122245756069e-05,0.0020168026323988,2.27467837809384
"ENSG00000125170.11",-0.516491079074117,3.1186861417194,-4.25488931677428,2.79959837122996e-05,0.00201804382592826,2.26870028155043
"ENSG00000161888.11",0.538157494251666,2.99993684911995,4.25005397165288,2.85719528304656e-05,0.00204133539101438,2.2502149397117
"ENSG00000171385.10",-0.513040746174036,0.936558851988519,-4.23543658245107,3.03827686501597e-05,0.00212917305855087,2.19444581243612
"ENSG00000234782.3",-0.512742641924091,1.02754092592871,-4.23269537499552,3.07343391382847e-05,0.00213291029779156,2.1840062507493
"ENSG00000100162.15",0.568367041344005,3.34830294162946,4.23083892290794,3.09746393091607e-05,0.00214344504019392,2.17693955841397
"ENSG00000095002.15",0.527660853415536,2.45486692362163,4.22413115217942,3.18579378754897e-05,0.00216134245194499,2.15142882462957
"ENSG00000112984.12",0.596732946404573,3.56594606995159,4.22097199331928,3.22822283467459e-05,0.00217626771870879,2.13942640097879
"ENSG00000076248.11",0.512990887809925,5.04574673128627,4.21746348249512,3.27597608408387e-05,0.00218578900155678,2.12610598792781
"ENSG00000168056.17",-0.663955757892707,3.39234547965701,-4.21187126927091,3.35348685391073e-05,0.00221916534430923,2.10489479649052
"ENSG00000113368.12",0.624112595163478,4.59629968893599,4.2100920961488,3.37851199340828e-05,0.00222963380055445,2.09815162499619
"ENSG00000163599.17",0.513978276373008,1.43676762017771,4.20459101462025,3.45702065297309e-05,0.00225472930550128,2.07731811244966
"ENSG00000117650.13",0.546845393508205,3.07765898620177,4.19726499194847,3.56428094665532e-05,0.00228983778588838,2.04961059600236
"ENSG00000125534.10",-0.536704253584431,7.98637133102742,-4.19439920521688,3.60709703720846e-05,0.00230511583749839,2.03878361038177
"ENSG00000051180.17",0.590974919862498,2.79372410695407,4.1856647551354,3.74064185711974e-05,0.00236549205690444,2.00582504033868
"ENSG00000287626.1",0.510289365318652,0.850298685785858,4.17542590727396,3.9031951778359e-05,0.00243317362336711,1.96726712063567
"ENSG00000138207.14",-0.806807667805867,1.24789934798271,-4.17113861688482,3.97324330303798e-05,0.00244865019846259,1.95114665908673
"ENSG00000100196.11",-0.70038197713802,3.72391797952379,-4.14941722775276,4.34695831574687e-05,0.00258308811755512,1.86969828492579
"ENSG00000176720.6",-0.578575696240729,3.88131069162254,-4.147494737402,4.38160229373204e-05,0.00258835140376073,1.86250769431481
"ENSG00000090932.11",0.74266048754242,1.07648401412279,4.12762227351543,4.75547693600628e-05,0.00271645404221868,1.78835284646192
"ENSG00000071967.12",-0.829912585053593,3.72410870776122,-4.12438473485994,4.819196152388e-05,0.00273750124050495,1.77630177180711
"ENSG00000179954.16",-0.63998064737952,1.45196629458865,-4.11900603259058,4.92685843730416e-05,0.00276134073921118,1.75629920379579
"ENSG00000272933.1",-0.508618548717121,1.53808766699444,-4.11877867567614,4.9314594080498e-05,0.00276134073921118,1.75545420862521
"ENSG00000249395.4",0.621304724293039,1.39537141171447,4.1168120121811,4.97142953804743e-05,0.00276134073921118,1.74814663097197
"ENSG00000127528.6",-0.738962716545563,2.8663171279717,-4.11628119998137,4.98227045018698e-05,0.00276134073921118,1.74617481054865
"ENSG00000142657.21",0.649189759874654,6.32945767056589,4.11440613576801,5.02074592333322e-05,0.00276605107578445,1.73921127276247
"ENSG00000104413.18",0.860214449335989,4.60442987378905,4.11202225823014,5.07007078907034e-05,0.00278451506828308,1.73036219163449
"ENSG00000146670.10",0.547128058672721,3.709677503368,4.10592015447651,5.19844118562786e-05,0.00284212743828232,1.70773160489138
"ENSG00000108561.8",0.516483437148093,5.4905605849435,4.10076214201849,5.30935915501733e-05,0.00287037229318124,1.68862560712282
"ENSG00000008083.14",0.673360233521336,3.32094307079511,4.09696993430843,5.39234054728113e-05,0.00288943557644135,1.6745923520744
"ENSG00000126458.4",-0.615358313897641,5.41222841302679,-4.09613673838403,5.41073735970539e-05,0.00289289313139215,1.67151061466389
"ENSG00000006534.16",-0.807955250850277,2.41864706469982,-4.09258176664963,5.48990408571496e-05,0.00291580413318431,1.65836811847213
"ENSG00000157456.8",0.554677579888338,4.1352844253474,4.09205428047526,5.50174438012069e-05,0.00291580413318431,1.65641890100727
"ENSG00000008441.18",-0.727960123023163,3.48063524087344,-4.08325838856695,5.70280175924098e-05,0.00298965061923845,1.62394839906208
"ENSG00000161714.12",-0.654690471881244,3.02643709550356,-4.08255647983684,5.71914389357728e-05,0.0029917422268346,1.62135994269766
"ENSG00000164104.12",0.548333277045072,6.02699989513308,4.07204281920689,5.96932567590641e-05,0.00307884987403226,1.5826356802895
"ENSG00000099960.13",-0.76730937859329,1.24659247094062,-4.07182379233972,5.97464674151595e-05,0.00307884987403226,1.58182989807696
"ENSG00000175183.10",0.635999079867674,2.58867321288051,4.0633923620331,6.18294671845096e-05,0.00313943332328894,1.55084067408118
"ENSG00000183696.14",0.91630683569608,4.02984979449463,4.06193137792324,6.21973585121116e-05,0.00314492697946418,1.54547672674637
"ENSG00000284753.2",0.508127508365544,3.21282980440384,4.05992718576605,6.27054248533417e-05,0.003157433243135,1.53812120627354
"ENSG00000164023.14",-0.575988617312861,1.96896826490611,-4.04459354381314,6.67252849733979e-05,0.00333213691145504,1.48195273458017
"ENSG00000156299.13",0.626418180888255,2.29360327732559,4.04007284006045,6.79564533310818e-05,0.00336880762987926,1.46542915811752
"ENSG00000133816.17",-0.583165434586701,1.94299950505458,-4.03357562413832,6.97637959374303e-05,0.00340661116452532,1.44171011160496
"ENSG00000185989.11",-0.510451822303618,2.51715818209579,-4.03260567822164,7.00374970363753e-05,0.00341309492599801,1.43817210152905
"ENSG00000067177.15",0.527164675128482,2.28951531563098,4.02620011728817,7.18708283725066e-05,0.00344973540787332,1.41482600357063
"ENSG00000178814.17",-0.513834790834824,2.66113210774841,-4.0256345515522,7.20348721894056e-05,0.00344973540787332,1.41276629911602
"ENSG00000188549.12",-0.517670466941242,1.49229591284712,-4.02319964372542,7.27451971757933e-05,0.00346354033072399,1.40390168368134
"ENSG00000009950.16",-0.565633966439853,0.863459229287695,-4.0160736120968,7.48624982215313e-05,0.00351389478086335,1.37798589666614
"ENSG00000036672.16",-0.551524925982818,1.19125487310129,-4.01297541917938,7.58011926359628e-05,0.00355107327977373,1.36673125381003
"ENSG00000153113.24",-0.535984038279539,3.78954289234403,-4.00765674595507,7.74387881000963e-05,0.00359839761357239,1.34742847670348
"ENSG00000102678.7",-0.578282710481936,0.513936186803102,-4.00667609243348,7.77443744440137e-05,0.00359839761357239,1.3438719398443
"ENSG00000087510.7",0.859077279043782,3.69900938925076,4.00405734011987,7.85660423133185e-05,0.00361075814957984,1.33437831939587
"ENSG00000156970.13",0.512547227822159,2.5801752672004,3.99958689665267,7.99877998389934e-05,0.00365529153226494,1.31818467821538
"ENSG00000122952.17",0.504431395453461,4.53481378070389,3.99583449797872,8.12000298711548e-05,0.00368289274059807,1.30460454762675
"ENSG00000158769.18",0.563614211205305,5.3538074537919,3.99503015204476,8.14621392871845e-05,0.00368787479165534,1.3016950597043
"ENSG00000134057.15",0.561148434038224,5.09948954108387,3.99226215554549,8.2370291986345e-05,0.00370131441912667,1.29168663720698
"ENSG00000143850.16",-0.709673397255545,1.89872099146749,-3.98602680585182,8.4451407160503e-05,0.00374617780481205,1.26916380642079
"ENSG00000094804.12",0.513949636478424,3.12996149884196,3.98318723941604,8.54156035657571e-05,0.00376808205266468,1.25891738567862
"ENSG00000080031.10",-0.656667232088264,1.59471013575766,-3.97991027212547,8.65413156857284e-05,0.00377751573944133,1.24710074618644
"ENSG00000014914.21",-0.511866929284166,2.26080282923478,-3.96952731535489,9.02018594409815e-05,0.00388044233687491,1.20971760785101
"ENSG00000181449.4",1.30401245329742,2.82361927985699,3.96811625323173,9.07105344304655e-05,0.00389259946446257,1.20464391997975
"ENSG00000180745.5",-0.585501520805863,0.437024513219826,-3.95585656991601,9.52461016635984e-05,0.00396337969560629,1.16063035693899
"ENSG00000232383.1",1.01802437103577,1.2458711986997,3.95575859297767,9.52832012432204e-05,0.00396337969560629,1.16027910068276
"ENSG00000117399.14",0.650032767817927,5.26449215931644,3.94749577470109,9.84617936823405e-05,0.00400679115973225,1.13068419462426
"ENSG00000251562.8",-0.844516070844877,4.5594319881254,-3.94452132072542,9.96304567007233e-05,0.00401018487080359,1.12004417968187
"ENSG00000119514.7",-0.616026616492982,2.41340069239126,-3.94365361026872,9.99738519794149e-05,0.00401018487080359,1.11694161927212
"ENSG00000111665.12",0.53518183291312,2.70497086829782,3.94357186128088,0.000100006261848281,0.00401018487080359,1.11664935149524
"ENSG00000248144.6",-1.07283094067496,1.4467276175338,-3.94138649979042,0.000100876365327367,0.00402189814941919,1.10883829268094
"ENSG00000196975.16",-0.585667869695554,3.48232985346355,-3.94022538690829,0.000101341580079629,0.00402189814941919,1.10468974794297
"ENSG00000171848.16",0.534742854145327,3.54233938886268,3.9396498470999,0.000101572931218432,0.00402189814941919,1.10263380578341
"ENSG00000256148.1",-0.622747680560023,0.990501880358122,-3.92478749085298,0.000107723637066987,0.0041415526765621,1.04963582847652
"ENSG00000164048.14",0.593322522473101,2.22491876403354,3.92477665223029,0.000107728248812309,0.0041415526765621,1.04959724439311
"ENSG00000144354.14",0.680711358611865,3.40846877266446,3.92367095375165,0.000108199699469869,0.00415308513654551,1.04566160444941
"ENSG00000211896.7",1.59591974056385,8.84487147142104,3.92242226955561,0.000108734468871784,0.00416326336416988,1.0412182155639
"ENSG00000110042.8",-0.638352108662579,2.98896333620114,-3.9173948372397,0.000110913012738518,0.00423041443862506,1.02334115956629
"ENSG00000210049.1",-0.567155991179017,1.08761882557017,-3.91122170802498,0.000113644642548684,0.0042940300195462,1.00141827539471
"ENSG00000145386.11",0.553264086394383,3.75683884541601,3.89088291932629,0.000123102816945814,0.00454296065338004,0.929408090018543
"ENSG00000184956.16",-0.78817641580725,0.503442386416547,-3.8906115733878,0.000123233903768402,0.00454296065338004,0.92844966141269
"ENSG00000185527.12",0.792539526694345,1.39992529237571,3.88241261380979,0.000127257753411766,0.00462790208353299,0.899518234801916
"ENSG00000070404.10",-0.846595388979314,3.60934573630906,-3.87999667918435,0.000128466974190358,0.00466487273596771,0.891003668969137
"ENSG00000181019.13",-0.949456447775846,4.80683652885649,-3.87538662767343,0.000130804650552664,0.00473293894699006,0.874769528609274
"ENSG00000198189.11",-0.651416579428915,3.77927738950176,-3.87481183562777,0.000131098926212834,0.00473293894699006,0.87274663550556
"ENSG00000177697.19",-0.518347248657664,5.78528416101023,-3.86694091637399,0.000135192195469801,0.0048499320274742,0.845073302976972
"ENSG00000169218.14",-0.661303700472333,0.574495768318647,-3.85814672543532,0.000139908661120831,0.00495003355340426,0.814213770882459
"ENSG00000269028.3",-0.526425844752272,1.09860052144323,-3.85501759665872,0.000141624119277628,0.00497335129935152,0.803248667386629
"ENSG00000127564.17",0.500151484149123,2.70319184843321,3.85462226366291,0.000141842260805253,0.00497335129935152,0.801863910416546
"ENSG00000108846.16",-0.855631970852852,2.4987263215719,-3.84664415250658,0.000146313078616263,0.00505806962441336,0.773945842923189
"ENSG00000116701.15",0.621927820032913,3.0870378160559,3.8454128146202,0.000147014869807861,0.00505806962441336,0.769641625216448
"ENSG00000012171.20",-0.786766623941182,2.3774335862725,-3.82913558109572,0.000156596471181507,0.0052750577635829,0.712860328891467
"ENSG00000196188.12",-1.3163359962181,1.88700396005633,-3.8257146069029,0.000158683980997303,0.00531580362345044,0.700954273963016
"ENSG00000175352.11",0.513880060258432,1.52983892783652,3.82220907959214,0.000160850371505058,0.00535136812891828,0.688763909107679
"ENSG00000210144.1",-0.782300931880828,2.50693054921118,-3.81184885647916,0.000167417561045185,0.00547617114486791,0.652795507623527
"ENSG00000115594.12",-0.586962895739891,3.27731971262089,-3.7931135839815,0.000179942043852749,0.00573446881857051,0.587974715025163
"ENSG00000119938.9",-0.746607787012063,1.91050362326683,-3.79153740896511,0.000181035142681801,0.00574662012549569,0.582534584755106
"ENSG00000268903.1",0.680914723529631,2.28158600309175,3.78794679853426,0.000183548752642957,0.00581234889446429,0.570149310879025
"ENSG00000182240.16",-0.53509259631407,3.3222028799715,-3.77859660956498,0.000190249989467379,0.00592269247416441,0.537947027645322
"ENSG00000169583.13",-1.05713367689723,3.74705362465167,-3.77374604520843,0.000193816757668975,0.00597941757618928,0.521269924143592
"ENSG00000141401.12",0.611070393632255,4.1048142514638,3.76490972300642,0.000200477251301895,0.00610762141702125,0.490938901363166
"ENSG00000150938.10",-0.571145513816235,3.4475113792441,-3.76021499102706,0.000204103302140088,0.00619471425793599,0.474850233034105
"ENSG00000125730.17",-1.18384271080591,5.25652393636251,-3.75269103248481,0.000210043960292462,0.00632744367945702,0.449103826186466
"ENSG00000137463.5",-0.59936012746745,0.537001392397759,-3.75084066333783,0.000211529752211254,0.00635639032078979,0.442779161607178
"ENSG00000185950.9",-0.60549095334003,2.17479912656427,-3.74809348978346,0.000213753958653107,0.00640732782002258,0.433394382049606
"ENSG00000173894.11",0.66432808682403,2.58946881178129,3.73914383563614,0.000221153956839055,0.00654810370983118,0.402864163597862
"ENSG00000143412.10",-0.688366666592413,2.52284853795587,-3.73414157634711,0.000225394696731483,0.00664928082196896,0.385828633798439
"ENSG00000136052.9",-0.508427608357027,1.7571549997977,-3.73034509830845,0.000228664297020848,0.00672934298158558,0.372913275635113
"ENSG00000167513.9",0.615766621568065,4.07168454726869,3.72924371789167,0.000229621167074291,0.00673572237121059,0.369168684465066
"ENSG00000111206.13",0.600841614436259,3.7275990644348,3.72426330500606,0.000233995453859154,0.0068199397021284,0.35224826521013
"ENSG00000112902.12",-0.603408238027839,1.36742819379551,-3.72114335396545,0.000236775609992222,0.00683575365525378,0.341659016324571
"ENSG00000095321.17",-0.572619324973101,3.50942077358275,-3.7116877796788,0.000245392841804494,0.0070419604603138,0.309615580278506
"ENSG00000127252.7",0.542374640799935,1.32328985350238,3.71021209049515,0.000246764075858852,0.00705745242245619,0.304621380396118
"ENSG00000125378.16",-0.748270269776156,2.09866742769945,-3.70478187750946,0.000251872363619723,0.00712788688847638,0.286259344747323
"ENSG00000099812.9",-1.0258318834607,3.40271064056903,-3.69905000763395,0.000257372462790667,0.00723150933734332,0.266903766712073
"ENSG00000168140.5",-0.670041927545157,3.52187365451394,-3.69406330052586,0.00026224940835006,0.00728608849989431,0.250086626362775
"ENSG00000181652.19",0.58234345178488,1.22796160575075,3.69283333182556,0.000263465621744439,0.00730107249273491,0.245941856555842
"ENSG00000253755.1",1.43528888750616,6.13493347708598,3.68732191005291,0.000268980957331148,0.00739468647736709,0.227384775722479
"ENSG00000168505.7",0.575599772503594,0.652975324008892,3.68241162646937,0.000273986174776246,0.00746831788502645,0.210872962574677
"ENSG00000124942.14",-0.590054572385606,5.28416035451594,-3.6819759637252,0.000274434472240856,0.00746831788502645,0.209408925367486
"ENSG00000141232.5",-0.541886989020571,4.76777314866757,-3.6783775109075,0.00027816379413981,0.00750236870163275,0.197322409306222
"ENSG00000159399.10",0.593209091686261,4.27843426303566,3.67621234848289,0.000280430643922081,0.00754670021754756,0.190055220666909
"ENSG00000170425.3",0.528558690968505,2.32886254739047,3.672556875196,0.000284297323128385,0.00761690394487774,0.177794758591734
"ENSG00000115112.8",0.820126803721018,2.44695786859612,3.66956339914911,0.000287501088089612,0.00767726169077222,0.1677628995022
"ENSG00000200879.1",0.587792824516356,2.10656484337844,3.66697106975579,0.000290302961438187,0.00773502500113629,0.159081392681878
"ENSG00000254285.3",-0.569596532328542,1.34486557086293,-3.66621835892011,0.00029112131919407,0.00774830588008834,0.156561669178284
"ENSG00000171462.15",0.589556058845796,1.80088537524345,3.66379978208928,0.000293765554926545,0.00780153699596593,0.148468592296579
"ENSG00000158246.8",1.07869486575898,3.38195489051339,3.66209275608751,0.000295645443034745,0.00783428077713515,0.142759442940894
"ENSG00000234287.1",-0.550810148538972,1.7374456915094,-3.6549192728601,0.000303669827556254,0.00796845419654654,0.118794198102084
"ENSG00000128641.19",0.528312494657438,3.63317398884818,3.65211295544812,0.000306864448670038,0.0080002765842716,0.109430466816168
"ENSG00000148200.17",0.718045998166649,1.53086011047956,3.63955264143615,0.000321554151160037,0.008267560022395,0.0676012293082691
"ENSG00000129194.8",1.12576213587538,3.57365247758369,3.63146607391417,0.000331359006135669,0.00842171234944735,0.0407402618258068
"ENSG00000183801.8",-0.631893776018725,1.65986867575547,-3.62787180328367,0.000335806668496401,0.00850757061818288,0.02881873835201
"ENSG00000136153.20",-0.592296849785029,2.50332802193609,-3.6264823817089,0.000337540978892438,0.00853365606343929,0.024213171360131
"ENSG00000169418.10",-0.673110349925743,1.5282691944955,-3.62422266205074,0.00034037961601064,0.00859478764025415,0.0167262308588993
"ENSG00000116690.13",-0.884562400395288,0.680244304802283,-3.62244781840816,0.000342624878489157,0.00861721137799312,0.0108487734759786
"ENSG00000165424.7",-0.521271528538518,2.20716090296004,-3.61034757045508,0.000358307361376157,0.00887341952201484,-0.0291516353057641
"ENSG00000106404.14",-0.686994935638663,2.32425910618501,-3.60653741647508,0.000363383530511882,0.00895335616378207,-0.0417217738091837
"ENSG00000102096.9",0.873267555046656,4.34079978030507,3.60579906370814,0.000364375003105228,0.00896075816213061,-0.044156283723698
"ENSG00000135069.14",0.62214835173266,4.30803264242817,3.59777516891403,0.000375314800488348,0.00915420389509344,-0.0705834691145988
"ENSG00000100033.16",0.59332351823849,1.24175845703974,3.58947770679277,0.000386951609319327,0.00936275235709013,-0.0978551193426789
"ENSG00000230798.5",0.817902622290475,1.39826226251592,3.58730778444272,0.000390050253026587,0.00936275235709013,-0.104977614742682
"ENSG00000173269.14",-0.510921874798698,2.41375277572381,-3.58175202238028,0.00039809041250812,0.00948057993210095,-0.123195763210308
"ENSG00000131747.15",0.503799076750235,4.72816440388233,3.57718382893193,0.00040481770150752,0.00956554607854844,-0.138156198120116
"ENSG00000105048.17",1.05676094304396,3.51100440412448,3.57596696854272,0.000406627613727454,0.00959894815251359,-0.142138366127078
"ENSG00000185155.12",0.501614437801912,0.790548873372034,3.57326549813709,0.000410672866986445,0.00964286039492923,-0.150974484006374
"ENSG00000184613.11",0.643735236590979,1.42081545957402,3.57313008582969,0.000410876627892938,0.00964286039492923,-0.151417237343558
"ENSG00000179914.5",-1.44903925119851,1.20258293451874,-3.56677657656199,0.000420544426106497,0.00979383269259555,-0.172173857200839
"ENSG00000197956.10",-0.868708112656502,9.53734996634974,-3.56276379997948,0.000426760023900953,0.00988157531441786,-0.185266004255088
"ENSG00000105173.14",0.545688268247999,3.0381389765717,3.55827889258882,0.000433808904103581,0.00995607878456656,-0.199882577894422
"ENSG00000174939.11",-0.664708618800872,1.85897083790222,-3.54195965442215,0.00046039028294291,0.0103727001422114,-0.252925706050397
"ENSG00000211897.9",1.34536727585993,6.06456859789676,3.54098595523133,0.000462023605904769,0.0103856347931096,-0.256083505670547
"ENSG00000069764.10",-0.599021257294543,1.02527640405677,-3.53941266714226,0.000464674191245478,0.0104207489925606,-0.261184149206446
"ENSG00000100285.10",1.0335561050501,1.63857710941695,3.53659659983271,0.000469454174471527,0.0104739947420232,-0.270308733713395
"ENSG00000154153.13",-0.527863000813542,1.40357424437804,-3.53599311687233,0.000470484504966165,0.0104831046092737,-0.272263265791195
"ENSG00000265519.1",-0.568529467536765,2.22238285442081,-3.52031339288849,0.000498009526549438,0.0108683942899247,-0.322938880237894
"ENSG00000175707.9",0.562531078969572,3.61620127087329,3.52014927124155,0.000498305456493657,0.0108683942899247,-0.323468216711343
"ENSG00000171992.13",-0.538037916864371,3.33330862749842,-3.51859845772739,0.000501109895534212,0.0108850956680167,-0.328468890682519
"ENSG00000231346.5",0.757147666233613,1.06121748298862,3.51781316939696,0.000502535618485262,0.0108916233046744,-0.331000320811927
"ENSG00000075426.12",-0.615373626654785,4.85293802686392,-3.51694285777185,0.000504120144581612,0.0108916233046744,-0.333805224089193
"ENSG00000166527.8",0.554759074509126,0.637289474032203,3.51550875410107,0.000506741350319621,0.0108916233046744,-0.338425768989608
"ENSG00000006042.12",-0.609207982993465,3.23044903540179,-3.50518123596966,0.000525998114824595,0.0111166442766594,-0.371649006158497
"ENSG00000136872.20",-0.543965083783386,0.320835707242512,-3.50294343771481,0.000530260098641966,0.0111774583020961,-0.378836099964773
"ENSG00000277342.1",0.6267557619148,1.03642410878303,3.49306469031397,0.000549463998114134,0.0114036144252993,-0.410513145028734
"ENSG00000088305.18",0.988519960114891,2.35570119251478,3.49062003513135,0.000554315810006334,0.0114662932196303,-0.418339465817604
"ENSG00000004478.8",0.538393814343334,5.2734095726966,3.48784996418868,0.000559861918953675,0.0115109131384194,-0.42720149349398
"ENSG00000172638.13",-0.627990400699772,2.99438049564884,-3.48564952085456,0.000564304517718334,0.0115686216118756,-0.434236561203301
"ENSG00000206557.6",0.909053404156245,0.882025342687384,3.48371146655195,0.00056824467116961,0.0116142497347915,-0.440429364610561
"ENSG00000164403.15",-0.50526709213857,2.31072810156786,-3.4771466698105,0.000581783357030167,0.0117619306404596,-0.461382822484988
"ENSG00000046653.15",0.559564391932182,1.60676908842434,3.46658894946253,0.000604191373166934,0.0120143801790666,-0.495004695672052
"ENSG00000172137.19",-1.11669920541276,1.96569119487847,-3.46621722003577,0.000604994864674117,0.0120204886155924,-0.496186784242631
"ENSG00000073111.14",0.567517740469211,3.60395112312588,3.46509622793681,0.000607423939536099,0.0120489826499298,-0.499750800439648
"ENSG00000204531.20",1.37881487112481,2.25897217216362,3.45929949486985,0.000620131069260187,0.0122508764253521,-0.518163682363917
"ENSG00000041353.10",-0.610672268888288,1.96907830074447,-3.44983403551288,0.000641416122147017,0.0124915103517673,-0.548169052968838
"ENSG00000162545.6",-0.782237989935287,3.56585119669818,-3.4475048261381,0.000646757541098298,0.012532763207295,-0.555541019363616
"ENSG00000140022.13",0.545698972797648,2.15254469601584,3.4375543328914,0.000670047946680277,0.0128294477477978,-0.586982816810654
"ENSG00000170271.11",-0.507225988230173,1.47563658508869,-3.43688198617412,0.000671649592864188,0.0128376672514765,-0.589104296731855
"ENSG00000196368.5",0.658754738175858,1.40220706892324,3.43615603130172,0.000673382958885366,0.0128521160474417,-0.591394499533432
"ENSG00000115641.19",-0.544898484068529,3.4894756800249,-3.43345157561716,0.000679877257499672,0.0129150017071702,-0.59992244870354
"ENSG00000075673.12",0.779847305293506,1.05517996058766,3.4321704131562,0.000682974138058644,0.0129636627145614,-0.603960175327964
"ENSG00000121570.12",1.06521017897966,0.967995434297823,3.43085498789039,0.000686167548037437,0.0130038951592071,-0.608104441460533
"ENSG00000173930.9",0.568641786283182,0.938561120788113,3.42834131954018,0.000692308718232554,0.0130498017304105,-0.616019721226653
"ENSG00000241644.2",-0.756854222568712,1.48379777209685,-3.42735536212621,0.000694731509336952,0.0130650978875724,-0.619122939779235
"ENSG00000162733.19",-0.511468812952564,1.59835809755473,-3.42248075709161,0.000706826665203659,0.0131484960301326,-0.634453272714516
"ENSG00000068078.20",0.941127716913715,4.01702878253052,3.41827043862454,0.000717431543271892,0.013244048763754,-0.647678288490034
"ENSG00000140682.19",-0.5129633635204,2.53529801274216,-3.4174653866127,0.000719476138919763,0.0132515200193335,-0.650205326401328
"ENSG00000100504.17",0.613067007027398,4.3528467902219,3.4166323245571,0.000721597598685119,0.0132703825665555,-0.652819709781334
"ENSG00000276855.1",-0.520917774426434,2.50862049052053,-3.41393748107166,0.000728500307435882,0.0133386363563909,-0.661272865039329
"ENSG00000133135.14",-0.846659136685504,1.87654269319454,-3.4138935385162,0.000728613373224821,0.0133386363563909,-0.661410652635225
"ENSG00000224389.9",-0.618715124825095,1.19248416581437,-3.41209400295331,0.000733257741096922,0.0133932899618156,-0.667051926432722
"ENSG00000262406.3",0.981419796608991,3.39486529135483,3.3970084220322,0.000773292817119169,0.0138018806415816,-0.714235115953596
"ENSG00000134569.10",0.631246824180175,1.76563825630506,3.39399592419216,0.000781528029086359,0.0138957316697731,-0.7236342158681
"ENSG00000109072.14",-0.937063340151222,1.16869509742773,-3.38663701482753,0.000801990246477301,0.0141369750871035,-0.746561926416521
"ENSG00000240583.13",-0.839225754021298,4.36349968273845,-3.38411780031816,0.000809109233206488,0.0142107509994642,-0.754400341174771
"ENSG00000066405.13",-0.817407980745018,0.850194549470672,-3.36806958546423,0.000855860987395956,0.0146462233679311,-0.804207185766457
"ENSG00000148204.12",-0.507539333935299,0.506341651624583,-3.35953733494867,0.000881730642853886,0.0149443780055431,-0.83059864351673
"ENSG00000181274.7",0.629717840395582,3.89952953825858,3.3583871830957,0.000885273087170952,0.0149939259939024,-0.834151495927857
"ENSG00000175040.6",0.735456629042312,2.93490639821112,3.35725924058543,0.000888760001170049,0.0150387093796125,-0.837634651375166
"ENSG00000167617.3",-0.714347484531898,3.41014748735606,-3.35624359931075,0.000891910691273812,0.0150570119275359,-0.840770088736693
"ENSG00000163923.10",0.743599685995756,4.28646375420268,3.35468829809603,0.000896755670214423,0.0151039098279508,-0.845569838443129
"ENSG00000148798.11",0.818496952806099,1.40588260115024,3.34926052888601,0.000913856662697198,0.0152919965379173,-0.86230414060838
"ENSG00000173267.14",-1.03310561696973,3.69985352556015,-3.33923023237111,0.000946260431096842,0.0156789634871387,-0.893162529031889
"ENSG00000198744.5",-0.823978812267136,2.34560267344744,-3.33917720682981,0.000946434542452383,0.0156789634871387,-0.893325435663614
"ENSG00000115138.11",0.780825767207452,1.47756861662849,3.3292367390006,0.00097960646388939,0.0160116534443652,-0.923822563814717
"ENSG00000283023.1",0.523705171797251,0.871742589232346,3.32914268772528,0.000979925423190948,0.0160116534443652,-0.924110709304272
"ENSG00000106538.10",-0.855935064330713,4.58274518882236,-3.32416773403313,0.00099693557679312,0.0161943525619915,-0.939341769728517
"ENSG00000197905.10",0.659368517133277,4.03391504917744,3.3172983976746,0.00102087478782916,0.0164080853281065,-0.960337923674978
"ENSG00000159217.10",0.88158217423984,1.42599517027591,3.31061519482167,0.00104467755886055,0.0166461121550016,-0.980726569898543
"ENSG00000100985.7",0.896953521791059,4.32620853161944,3.30796172320161,0.00105427045290553,0.0166939580009974,-0.98881103553764
"ENSG00000167996.16",-0.575995085258465,5.56282753984721,-3.30371996575957,0.00106977563190473,0.0168291641162644,-1.00172214175423
"ENSG00000139146.14",0.542883795444929,3.6819010840924,3.29602254491734,0.00109845521563054,0.0170154040106769,-1.02511243774905
"ENSG00000105509.11",-0.681140687361292,0.80461274597386,-3.29331181426315,0.00110872403586741,0.0171149115033197,-1.0333375484636
"ENSG00000257084.1",0.690499153012169,2.91534943379389,3.29179338312075,0.0011145150846773,0.0171889882154924,-1.03794215038254
"ENSG00000102854.16",-1.42833512613153,3.52017057608635,-3.28270605931165,0.001149764227273,0.0176025850724096,-1.06545807526553
"ENSG00000130055.14",0.617926379308925,1.06300135485824,3.27727181086332,0.00117133527683717,0.0177978296141759,-1.08187898629626
"ENSG00000153071.15",-0.503692143351027,2.69273475355878,-3.27543242512401,0.00117872138096277,0.0178540536878788,-1.08743142476931
"ENSG00000131096.10",0.663198164323649,0.856179974792571,3.27370238962872,0.0011857078346153,0.0179262445408132,-1.09265113592568
"ENSG00000123843.13",-0.570172734603365,0.675854612465196,-3.27201874424024,0.00119254385143998,0.0179846899638083,-1.09772842683717
"ENSG00000124212.6",-0.874297180947532,1.92973237302849,-3.26351923340972,0.00122761609182009,0.0183084124038686,-1.12332300860165
"ENSG00000156959.9",0.530710389066166,0.609662304112288,3.26122259358777,0.00123725588381884,0.0184068412199585,-1.13022827975595
"ENSG00000226608.3",-0.582132512927875,2.42585949541943,-3.25996193172146,0.00124257713689576,0.0184406974605486,-1.13401677413622
"ENSG00000142494.13",0.530593862552403,1.16963730885634,3.25620870586593,0.00125854550844828,0.0185526306844901,-1.1452877798337
"ENSG00000164047.6",0.552005738993902,0.877789140900988,3.23434694843159,0.00135540563682861,0.0194478225853016,-1.21069934893186
"ENSG00000138336.9",0.563826638335688,0.898146635065021,3.23274290168805,0.00136277790372909,0.0195189123762972,-1.21548262343181
"ENSG00000117394.24",0.76713224001022,5.59648534287225,3.23215176308677,0.00136550416283699,0.0195348557731317,-1.21724484529329
"ENSG00000136943.11",0.748118245957169,2.87962101338003,3.21843662108155,0.00143019371830625,0.0201274211838335,-1.25804644772164
"ENSG00000174718.12",0.575341892178432,3.62208730249846,3.21359824816738,0.00145368410038246,0.0203218432398186,-1.27240177609656
"ENSG00000180644.8",0.572198337074709,2.56741471235263,3.21216509669417,0.00146071037708547,0.0203849971201963,-1.27665004349359
"ENSG00000002726.21",-0.828504759092567,1.53123692028797,-3.20659632880391,0.00148831187210697,0.0206218040860589,-1.29314071700266
"ENSG00000221955.11",-0.531761485962377,2.28814167785602,-3.20076391417904,0.00151773732705304,0.0208624279575623,-1.31038357628653
"ENSG00000123095.6",-0.577522348329053,2.45694525043744,-3.19827382811015,0.00153046350665464,0.0209068393294842,-1.31773632868687
"ENSG00000129354.12",0.561689063175052,4.86982301789226,3.196128155214,0.00154150863307388,0.0210103202549517,-1.32406782193835
"ENSG00000006606.9",0.702633579722643,1.46304520322426,3.19499058826178,0.00154739428676871,0.0210735955419226,-1.3274229721924
"ENSG00000104327.7",0.626627626404944,0.741690883681894,3.19264953661875,0.00155957214449412,0.0211375698599035,-1.33432419238656
"ENSG00000233056.3",1.05851350826225,1.22384734608159,3.18653364694488,0.00159180598591107,0.0213968758146871,-1.35233108695862
"ENSG00000035862.12",-0.610572171614477,4.98173591259604,-3.1843797330137,0.00160330420216779,0.021523751908567,-1.35866515763315
"ENSG00000102886.15",-0.508693295844825,2.03122412056522,-3.18320734855524,0.00160959497573458,0.0215621627833471,-1.36211114257671
"ENSG00000178445.10",0.770229377423954,1.38656849737405,3.17712858670033,0.00164258004323127,0.0218229778645427,-1.37995946964551
"ENSG00000112414.15",-0.537581791738651,2.19315228634313,-3.17567278129361,0.0016505718949605,0.0218811446611622,-1.38422925604937
"ENSG00000122824.11",0.501945140133217,0.864292708592349,3.17453475316545,0.00165684428747943,0.0219522804391421,-1.38756575175713
"ENSG00000268089.3",0.528092235587449,0.957548506584243,3.1719386239355,0.00167123577893402,0.0220946127542478,-1.39517296950296
"ENSG00000262902.1",-0.845425908774142,1.95126431342248,-3.16548298257004,0.00170752476902449,0.0224153116020451,-1.4140642440754
"ENSG00000053918.18",-0.538905215918455,1.94945463290363,-3.16516696927299,0.0017093197323707,0.0224267193488723,-1.41498807919554
"ENSG00000163032.12",0.768134751977932,2.01401931057752,3.16455456311635,0.00171280318040577,0.0224481022886514,-1.4167781461851
"ENSG00000113739.10",0.541180596675698,2.22135443370314,3.16014928089708,0.001738055030558,0.0226442672620305,-1.4296452971532
"ENSG00000240563.2",1.11448333366077,1.21543932229308,3.15912450204033,0.00174397835866411,0.0226921108460506,-1.43263612241491
"ENSG00000008311.15",0.518479056821566,1.95722390913139,3.15738663133829,0.0017540660902188,0.0227671386415324,-1.43770604435315
"ENSG00000170684.9",0.562282673937629,2.49622581013518,3.15391635998179,0.00177437131567559,0.0229042432764601,-1.44782214605087
"ENSG00000160973.8",0.775854080399155,0.910734231818629,3.15326231350912,0.00177822250413222,0.0229188752758659,-1.44972757869407
"ENSG00000244734.4",-0.8260810201279,2.98656858598205,-3.14926974595502,0.00180189967486893,0.0230087561065575,-1.46135112723504
"ENSG00000143878.10",-0.61101051251783,6.39035716079672,-3.14926881831835,0.00180190520972219,0.0230087561065575,-1.46135382626439
"ENSG00000170961.7",0.525941929772384,1.5143870606985,3.14696996038157,0.00181566995917135,0.0231085267530899,-1.46804024973778
"ENSG00000143416.21",-0.787278447464634,3.52755451834103,-3.13838603856872,0.00186793026357682,0.0235427776478813,-1.49296704894202
"ENSG00000143036.17",-0.521538939257358,2.45858115377247,-3.13673323743015,0.00187815086196445,0.0236228329631489,-1.49775931345805
"ENSG00000156574.10",0.664456015709813,0.765198998411158,3.12564347135057,0.0019480741581931,0.0240854867787328,-1.52985291718776
"ENSG00000130300.9",-0.592657153365358,4.56284445651696,-3.12515871905898,0.00195118473002236,0.0240929897971568,-1.53125336154761
"ENSG00000131203.13",0.83405591048424,2.77940952798679,3.12478487543548,0.0019535867492977,0.0240965162894829,-1.5323332533792
"ENSG00000064787.13",-0.622651661050842,1.11167808699776,-3.12284688931988,0.00196608248359579,0.02415044992119,-1.53792942331508
"ENSG00000079257.8",-0.520362713214376,3.30549242344867,-3.11819333258166,0.00199638937344344,0.0244204801135355,-1.55135389125243
"ENSG00000105976.16",-0.642570736945622,3.56746833097769,-3.11716610681106,0.00200313711230717,0.0244782950858122,-1.55431468783322
"ENSG00000170476.16",0.797801247594462,2.94869823986194,3.1167007380646,0.00200620098944064,0.0244799133490448,-1.55565573098761
"ENSG00000169174.11",0.612174917623658,1.90375747066098,3.11259364013795,0.00203342914871324,0.0246715852136253,-1.56748295693449
"ENSG00000277013.1",0.503416470985918,1.61799395751908,3.10265049947497,0.00210076474579444,0.0251883772985849,-1.59605590603909
"ENSG00000100453.13",0.678939043325885,2.95265175810486,3.0857316027928,0.00222008235158524,0.0261529156397833,-1.64447816132601
"ENSG00000170439.7",-0.637426152601323,1.97451578743512,-3.08193650534906,0.00224768978089868,0.0263882920471963,-1.65530580852036
"ENSG00000132688.11",0.63692647999315,3.5820858588499,3.06799244201521,0.00235186274395551,0.0271895540136527,-1.69498200233278
"ENSG00000243709.1",0.602864430881988,0.704584056275998,3.05425672473261,0.00245880635514182,0.0279719539321442,-1.73390067359543
"ENSG00000184058.14",0.599769799575041,1.7402273063966,3.0516715166756,0.00247942758508786,0.0280828049842222,-1.74120729215285
"ENSG00000211659.2",1.18474958704602,5.33676536245357,3.05158189231613,0.00248014532870566,0.0280828049842222,-1.7414604950898
"ENSG00000263961.8",0.617954219856842,1.25756547961653,3.049058738992,0.00250043020120056,0.0282332957916445,-1.74858594187552
"ENSG00000069849.11",0.51341831636611,6.24890667952736,3.0365739206385,0.00260306499624129,0.0289714390577014,-1.78376209207869
"ENSG00000185615.16",-0.706218420289679,1.09969796950445,-3.03005509808061,0.00265817980509216,0.0294117899935694,-1.80207520105982
"ENSG00000114948.13",0.54638637847814,1.3099424012651,3.02948029797138,0.0026630906464037,0.0294117899935694,-1.80368819734055
"ENSG00000138166.6",0.606413738709872,4.32778534486832,3.02610767311335,0.00269207316641903,0.0295432768874802,-1.81314662993104
"ENSG00000169245.6",0.892301738581899,4.68193528206562,3.02481103550092,0.00270329265445736,0.029639541915327,-1.8167803844949
"ENSG00000173918.15",-0.577051685222014,2.67379209441748,-3.02442788343651,0.00270661618505326,0.0296625538470542,-1.81785386721032
"ENSG00000134028.14",0.643249244026202,1.99770585100911,3.01748839585745,0.00276746365423638,0.0300708702133716,-1.83727425385633
"ENSG00000211592.8",1.21932572822656,11.075964254022,3.01568342724895,0.0027834946337848,0.0301503756843774,-1.84231866006846
"ENSG00000111186.13",0.60682365803308,2.12974466723105,3.01119394733915,0.00282373869694268,0.0304230210142134,-1.85485327712822
"ENSG00000271524.1",0.5522615024043,0.865106754621743,3.01093180139367,0.00282610501396901,0.0304304798082117,-1.85558464648752
"ENSG00000224557.7",0.510924070402608,1.16196149026592,3.00787839499403,0.00285380160764956,0.0306378878268051,-1.86409904104415
"ENSG00000188157.15",-0.51710907985028,4.92212638502231,-3.00582265908087,0.00287258866230089,0.0307306083926358,-1.86982687391551
"ENSG00000257017.9",-0.732465445237156,0.963113724506496,-3.00256960077147,0.00290254982754237,0.0309690558691966,-1.87888325804555
"ENSG00000160224.17",0.54298330138284,0.521103803538669,3.0021750664247,0.00290620297527956,0.0309701115121278,-1.87998099992345
"ENSG00000138646.9",0.543460333239478,2.56675350218062,2.99640644666771,0.00296010074827365,0.0314170202117387,-1.89601598702539
"ENSG00000099864.18",-0.577802996855787,2.19099381575538,-2.99164797715356,0.00300524867423251,0.0317986556967721,-1.90922126975618
"ENSG00000276980.1",-0.561054985301155,0.934670532805552,-2.99144085575102,0.00300722808635021,0.0317995906273928,-1.9097956070716
"ENSG00000283907.1",-0.636052487228364,1.49456378655421,-2.98665439235775,0.00305330551137009,0.0321247000370911,-1.92305782614262
"ENSG00000138755.6",0.905283009691879,4.00800846972467,2.98600520022426,0.00305960462663042,0.0321351361912353,-1.92485505591571
"ENSG00000111432.4",0.610887123011501,1.85730139459784,2.98471334719862,0.00307217493180186,0.0321930913006396,-1.92843034241771
"ENSG00000126878.13",0.519952215940619,2.7441496198456,2.98329746142462,0.00308600648465923,0.0322555715470083,-1.93234722800585
"ENSG00000135318.12",-0.63253966846672,2.52398632588528,-2.9775268149955,0.00314297124335654,0.0325589236587235,-1.94829299678846
"ENSG00000162174.12",0.60063404873046,1.64778862151092,2.96812489777941,0.0032378486632938,0.0331258226148873,-1.97421074043603
"ENSG00000164120.14",-0.783135534011815,1.9855299998781,-2.9667266021519,0.00325218119220761,0.0332073475865381,-1.97805876228643
"ENSG00000231106.2",-0.641514621967597,1.31264714805005,-2.96529755199826,0.00326688895691673,0.0332612682737865,-1.98198965720728
"ENSG00000169750.9",0.560654808369452,3.64288888557537,2.9619081488716,0.0033020164770495,0.0334903011198237,-1.99130578333881
"ENSG00000241157.1",0.523163432468501,0.782009591358345,2.95983555402454,0.00332366670916965,0.0336394516072248,-1.99699758869076
"ENSG00000106278.12",0.623761646077459,1.34610557171277,2.95604887972454,0.00336355799850141,0.0338777422001923,-2.0073869594318
"ENSG00000145649.8",0.635205426674493,3.40713502012278,2.9560003069908,0.00336407252950291,0.0338777422001923,-2.00752014554404
"ENSG00000123838.11",-0.951304299403694,1.37259831280443,-2.94795745525396,0.0034502706813502,0.0343647358268525,-2.02954519657901
"ENSG00000099834.19",-0.555459455245858,0.57819344441213,-2.94733083407898,0.00345707052472861,0.0344144053057653,-2.03125880469739
"ENSG00000244731.8",-0.50459724962554,1.08522927362224,-2.9397695060809,0.00354009503629037,0.0348966633206971,-2.05190958669542
"ENSG00000013588.9",-0.669982546139522,4.63209965684165,-2.93906733426317,0.0035478967742232,0.0349309186470268,-2.05382475832454
"ENSG00000147027.4",-0.522251611955803,2.10308206404626,-2.93132579597017,0.00363496014389121,0.0354994897923569,-2.07491123179029
"ENSG00000211598.2",1.20206031355564,6.10870904747007,2.93067964858287,0.00364231446308996,0.035537804946887,-2.07666884644339
"ENSG00000167634.12",1.09582768674674,1.63011617199326,2.92312489582982,0.00372931586034664,0.036091328204266,-2.09719179625224
"ENSG00000210196.2",-0.536451634412108,9.29437602320983,-2.92111933349473,0.00375272889632084,0.036213530604356,-2.10263164904095
"ENSG00000073792.16",0.662096010783775,3.35315249067845,2.91925667670947,0.00377459382504244,0.0362580903927373,-2.10768073731926
"ENSG00000203722.8",-0.508183559005819,1.25105951727467,-2.91897254078303,0.0037779393846224,0.0362580903927373,-2.10845067552121
"ENSG00000210140.1",-0.585557782849275,2.39445717084054,-2.91649360346393,0.00380724273565916,0.0364523639232851,-2.11516498856598
"ENSG00000211679.2",1.1224650430532,6.75923321098569,2.91479482933952,0.00382744353120472,0.0365683164993208,-2.11976309106883
"ENSG00000215866.8",0.614460712006189,0.656926953920623,2.91403087198974,0.00383655991538466,0.0366250109073871,-2.12183008535604
"ENSG00000241186.10",0.808617512031735,0.846274284632837,2.91054891060966,0.0038783621768361,0.0368526387218658,-2.13124455615179
"ENSG00000171747.9",-0.862490452698954,1.31565316045393,-2.91028498970776,0.00388154753837653,0.0368526387218658,-2.13195770875802
"ENSG00000162551.14",0.962178428367087,3.53286769250311,2.90815129715347,0.0039073877232436,0.0369979312625629,-2.13772101783785
"ENSG00000198695.2",-0.519342932797892,10.2754182990211,-2.90739042661686,0.00391664019795147,0.0370538806634978,-2.13977523885911
"ENSG00000248593.3",0.530064248362108,2.72619528970219,2.90332120980319,0.00396646377145741,0.0373078650659023,-2.15075283165559
"ENSG00000198729.5",0.769054126650482,2.97391151802727,2.90223426166343,0.00397986991869209,0.0374019830033545,-2.15368265676224
"ENSG00000002933.9",-0.657087933244543,3.49749117784826,-2.90159418580444,0.00398778378525181,0.0374079142606122,-2.15540747174065
"ENSG00000125872.8",-0.610148334737242,0.852400429447692,-2.89362682804011,0.00408750079623007,0.0380181525670861,-2.17684712132915
"ENSG00000178882.15",-0.598665179353969,1.44953749220198,-2.88905214539468,0.00414577880420479,0.0385010592936503,-2.18913217560335
"ENSG00000111671.10",0.512347504400134,3.10956930093404,2.88527651799372,0.00419444708235786,0.0387598276744401,-2.19925760182882
"ENSG00000186891.14",0.592441285379543,2.96503242899959,2.87939969037134,0.00427123716032337,0.0391561434216204,-2.21499314381961
"ENSG00000101115.13",0.698055331531188,1.66500510730991,2.87698992702048,0.00430309328473965,0.0393732222729106,-2.22143667156663
"ENSG00000112299.8",-0.532993746658519,1.17770118632445,-2.84506791611966,0.00474601351157861,0.041803183114213,-2.30631306359082
"ENSG00000089692.9",0.501959594811393,2.10508768465734,2.83226505815306,0.00493501816198557,0.0428870254335452,-2.3401027792057
"ENSG00000211663.2",1.09146569320943,5.30387870579427,2.82600878572601,0.00502984394954032,0.0433687506079981,-2.35656213402849
"ENSG00000010438.17",-0.675257239031839,1.27275344803917,-2.82106211610619,0.00510598894649949,0.0437208800289531,-2.36955174650514
"ENSG00000064300.9",0.607428894096396,1.89694479931056,2.82101432981088,0.00510672960914971,0.0437208800289531,-2.36967712505552
"ENSG00000151650.8",0.714609956464417,1.28342481701806,2.81489496051034,0.0052023870576482,0.0441956557475411,-2.38571612519745
"ENSG00000024422.12",-0.5177427720341,4.92079847707978,-2.807782565669,0.00531561007973102,0.0448570251969766,-2.40431646078403
"ENSG00000101335.10",-0.647434405392016,5.64627826818425,-2.80498985623934,0.00536067573440456,0.0451131224069765,-2.41160778020021
"ENSG00000174348.14",-0.535738243760745,1.91908538565879,-2.80428124465603,0.00537216554054025,0.0451627384213415,-2.4134567599683
"ENSG00000160183.17",-0.62485893663403,1.5030147406309,-2.79748384291078,0.00548352298597767,0.0455612098526172,-2.43117075166799
"ENSG00000128383.13",0.666104443450822,1.66985730653544,2.79270142393822,0.00556312069380209,0.0459702433312476,-2.44360932009657
"ENSG00000106809.11",-0.596222952486062,1.02586739460414,-2.78843805969655,0.00563496120042985,0.0462787385680574,-2.45468089229481
"ENSG00000173391.9",-0.611936545567612,2.06974050519965,-2.78322160993859,0.00572400550584881,0.0467257881198713,-2.4682057505711
"ENSG00000250786.2",-0.552467498307767,2.21405850074785,-2.76859438312789,0.00598053377241396,0.0480032040005621,-2.50600227097971
"ENSG00000287853.1",0.602332668558796,1.03530955511701,2.76806880206961,0.00598994206991771,0.0480226404943419,-2.50735685159945
"ENSG00000184828.10",-0.538354761998879,1.86859026776238,-2.7523798627192,0.00627703057405263,0.0495657458165386,-2.54767970996103
"ENSG00000127954.13",-0.532277659784635,1.68447187743856,-2.75201387080155,0.00628387391328936,0.0495886359316505,-2.54861776858264
"ENSG00000127324.9",-0.888932789843939,1.84650760429563,-2.74789565818793,0.00636134306787632,0.0499750349867562,-2.55916483240213
"ENSG00000120885.22",-0.770544712963769,5.07097526498158,-2.74612976143201,0.00639482578281507,0.0501400713693043,-2.56368284256346
"ENSG00000215182.8",-0.60469706634709,0.633846759559661,-2.73825780659441,0.00654603090537302,0.0507762239334051,-2.58378955816795
"ENSG00000211660.3",1.00943217949019,5.13987533629391,2.73183689032172,0.00667174919253334,0.0515109229975,-2.60014944394813
"ENSG00000174567.8",-0.636625257371746,2.1823815700742,-2.7301210318198,0.00670571217417464,0.0516578717743352,-2.60451511699224
"ENSG00000087076.9",-0.523020452382619,2.94488986884799,-2.72608059998482,0.00678630452172595,0.0520799415450578,-2.61478493774565
"ENSG00000166825.15",-0.650086951226862,2.8250895330346,-2.72305208845136,0.00684728512737251,0.0523620778610935,-2.62247322941938
"ENSG00000154451.14",0.591883467515936,2.27871645914384,2.71881382938297,0.00693345543811744,0.0527744471122578,-2.63321900823717
"ENSG00000233493.4",-0.584983788017408,2.88841931929511,-2.71120449577354,0.00709062492510837,0.0536001671929228,-2.65247199894276
"ENSG00000107742.13",-0.614053556189137,3.08970584775577,-2.70672433223306,0.00718465860890465,0.0540579159700748,-2.66378365170898
"ENSG00000227063.5",0.61974869751843,7.25069502384128,2.70486770186595,0.00722395582651276,0.0542524682536865,-2.66846611997668
"ENSG00000164488.12",0.536573256555789,1.341084248276,2.68977775137611,0.00755060852595169,0.0557888158933953,-2.70641009904941
"ENSG00000204219.11",-0.530786726067528,3.30686574937351,-2.68652090252548,0.00762283253355611,0.0560958698720101,-2.71457303677181
"ENSG00000134398.15",-0.580807423465003,1.06297837861085,-2.6850481443956,0.00765569636145199,0.056239298111728,-2.71826125777511
"ENSG00000111752.11",0.546289943334364,1.76731051567807,2.68121066998617,0.00774192795946581,0.0565989599765815,-2.72786239311236
"ENSG00000242265.6",0.737443631492878,2.42010376193808,2.68120544287431,0.00774204601166039,0.0565989599765815,-2.72787546213416
"ENSG00000110375.3",-0.829227287344061,1.3337345505277,-2.66309604560608,0.00816090588686752,0.05856507869035,-2.77300776899847
"ENSG00000166741.8",-0.742313447921439,4.58588323551792,-2.66001913679911,0.00823406523927826,0.0588794714364672,-2.78064712971882
"ENSG00000170627.11",0.631756691536115,1.12365375767217,2.65626806109463,0.00832405169786336,0.0593839564424891,-2.78994894561096
"ENSG00000275385.2",0.774325911697158,3.4338302398127,2.65158583718605,0.00843761611005292,0.0600344243562598,-2.80154226632009
"ENSG00000211677.2",0.994311244724346,7.57211454559785,2.64502291126295,0.00859913979460669,0.0608268591779714,-2.81775948386806
"ENSG00000146477.6",-0.502838083829839,1.68737987374024,-2.63380147808803,0.00888176205887842,0.0620110340346023,-2.84539936980302
"ENSG00000211899.10",1.10026265414079,6.18814518108038,2.63166433787604,0.00893652373614642,0.0623215101898837,-2.85065074240705
"ENSG00000131459.13",-0.575167515780507,2.19575230630596,-2.6221532475371,0.00918392754706424,0.0633536671005115,-2.87397209648397
"ENSG00000022556.16",0.870983211503798,2.5735930830324,2.61661346114441,0.00933084439294961,0.0639494385087403,-2.88751866144667
"ENSG00000101825.8",-0.575318617068605,3.41222320052504,-2.61651058515206,0.00933359251487059,0.0639494385087403,-2.88776996817632
"ENSG00000211893.4",0.96839687222871,6.37148649179559,2.61538968474328,0.00936358214452547,0.064072704889267,-2.89050750701805
"ENSG00000134323.12",0.742450710442739,1.79254825977632,2.61001346264643,0.00950862698101111,0.0647088916774625,-2.90362213640788
"ENSG00000175832.13",0.690088947605641,3.49445524809665,2.60891579884743,0.00953848717021768,0.0648574282040068,-2.90629658886862
"ENSG00000243264.2",0.833370941385695,2.55091178472042,2.6003871678617,0.00977337272962594,0.0658445306012629,-2.92704000674067
"ENSG00000096696.14",0.647475133903608,5.84102173469748,2.5999576301691,0.00978533842418369,0.065870176941003,-2.92808301908088
"ENSG00000138821.13",-0.514902434963309,2.77747482939072,-2.59927488288837,0.00980438481940665,0.0659800501044815,-2.92974054199634
"ENSG00000075461.6",-0.502444601416708,1.45277873077762,-2.59806898057855,0.00983810663666449,0.0660601449237632,-2.93266712732826
"ENSG00000167653.5",-1.03293710745071,2.3802206214462,-2.59159337772938,0.0100209728083022,0.0668064853886812,-2.94836050896353
"ENSG00000077274.9",-0.55780338823284,1.0600575040579,-2.58246301088907,0.0102839765585507,0.06799603411227,-2.97042412351955
"ENSG00000005884.18",-0.642946800231959,4.64923742873215,-2.5813744947582,0.0103157401095321,0.0681525437678308,-2.97304957490468
"ENSG00000176532.4",-0.638504442752839,2.53241502087214,-2.58036671479592,0.0103452259305244,0.0682166210766798,-2.97547935253788
"ENSG00000166920.13",-0.549565984549801,2.68650056259998,-2.57872648437943,0.0103933773150325,0.0684042387418714,-2.97943204449057
"ENSG00000143768.13",0.64293698866142,0.901263670908502,2.56733888536932,0.0107332393838094,0.0699945439935907,-3.00680817259043
"ENSG00000079112.10",-0.514657738154819,0.654065357902471,-2.56699345903395,0.0107437020288375,0.0699945439935907,-3.00763678005116
"ENSG00000119411.11",0.511566469862097,3.06676722471549,2.55799886954346,0.0110193675347131,0.0710370956809102,-3.02917548345378
"ENSG00000062038.14",0.664686374108718,4.6464656045286,2.54870628675902,0.0113107823960746,0.0720505112655491,-3.05135191859788
"ENSG00000117595.12",0.726614662530528,4.52493691314712,2.54805234372781,0.011331546696495,0.0721287939524593,-3.05290962728211
"ENSG00000145113.22",0.637526978666582,1.79663242203353,2.54232701956375,0.011514797244294,0.072797804556722,-3.06653118041393
"ENSG00000095932.7",-0.546006513478859,0.994735691285987,-2.54087770467199,0.0115616027271846,0.0729984405767495,-3.06997471058886
"ENSG00000004799.8",-0.528712026483408,1.90473731348797,-2.53139153730575,0.0118721693100936,0.0740138843476106,-3.09246721758825
"ENSG00000202538.1",-0.502654579040297,1.30670170604278,-2.53112323724845,0.0118810602546374,0.0740502520245283,-3.09310221014209
"ENSG00000239951.1",0.969055566519964,6.71828978870503,2.51272542252075,0.0125050624535666,0.0762830305341155,-3.13649123208263
"ENSG00000166165.13",0.603109503111632,5.26369539005099,2.5114743528713,0.0125485356741646,0.0763142962413795,-3.13943073325034
"ENSG00000171346.16",0.992521833342233,3.33200038575797,2.48699684707248,0.0134265871249414,0.0794709361833228,-3.19666093617375
"ENSG00000096088.16",-0.88033712452103,1.11581092871236,-2.47820985604215,0.0137548572418359,0.0806836140463228,-3.21707464510637
"ENSG00000164266.11",-1.059629764523,2.24316436056394,-2.47710286645108,0.0137967140896354,0.0808312567128617,-3.21964146590801
"ENSG00000186603.6",0.508529689834596,2.01864996909698,2.47631661637325,0.0138265119393849,0.0809456181739045,-3.22146390798793
"ENSG00000188257.12",-0.851947984955871,2.08376719945076,-2.47025165262412,0.0140582920100822,0.0819077063450559,-3.23550320507984
"ENSG00000151715.8",-0.629763282430151,2.56621639891461,-2.47003588262718,0.0140666010405365,0.0819077063450559,-3.23600206607394
"ENSG00000186340.16",-0.587722968496292,2.49699737054927,-2.46858233075187,0.0141226890899668,0.0820687838707742,-3.23936159504677
"ENSG00000115523.17",0.502821536328753,2.41112741218274,2.46121290444059,0.014410115195674,0.0830785503544927,-3.25636505654926
"ENSG00000244437.1",0.91310974646393,5.16019186384231,2.43209918116387,0.015596962560551,0.0872018543897843,-3.32306239991308
"ENSG00000095303.17",-0.534046161196619,2.65904606145328,-2.43050058833277,0.0156645651477805,0.0874873855618703,-3.32670260711135
"ENSG00000133063.16",0.576892337540722,1.36764031552595,2.42499868213207,0.0158992185800576,0.0883208885341734,-3.33921362008301
"ENSG00000166482.12",-0.709245862988042,3.71335763093765,-2.42401605048777,0.015941452711272,0.0885148979062377,-3.34144520331891
"ENSG00000211972.2",0.603437963099379,2.03913393492819,2.42035190321198,0.0160998154715539,0.0889908420912294,-3.34975892826306
"ENSG00000262655.4",-0.501953264087185,2.20312444282093,-2.41933700448895,0.0161439239937879,0.0891417217081905,-3.35205953632769
"ENSG00000169908.12",-0.644187962984372,5.7640843275734,-2.41928112613858,0.0161463556207197,0.0891417217081905,-3.35218617643495
"ENSG00000101938.15",-0.540048133806635,1.26329973301345,-2.417828856806,0.0162096667872137,0.0893647941821478,-3.3554765477218
"ENSG00000184697.7",0.943825267422998,1.7439140732887,2.41515024678463,0.0163270152031219,0.0896486756335552,-3.36154043414278
"ENSG00000183807.8",0.544881628712066,1.50648552398813,2.40770706887448,0.0166570441986164,0.0906796157542121,-3.37835655594058
"ENSG00000143632.14",0.552439368257565,0.965119460255181,2.40079627360321,0.0169687237144218,0.091634891496833,-3.39392526033729
"ENSG00000280079.1",0.613055227093878,1.53714833047417,2.38726843535416,0.0175937552981904,0.0936323342830526,-3.42427646598629
"ENSG00000211892.4",0.884721745795646,4.95160911111758,2.38106832247264,0.0178869377192385,0.0945847443606085,-3.43813203411719
"ENSG00000164687.11",0.80576254810233,4.57602812959067,2.38076085168099,0.0179015882803067,0.0945847443606085,-3.43881824661075
"ENSG00000076716.9",0.621383295900138,3.08877075095316,2.38018081411218,0.0179292550420077,0.0946546596988468,-3.44011254102226
"ENSG00000109610.6",-0.500097649979698,3.24203868546762,-2.38006555860093,0.0179347570063318,0.0946546596988468,-3.44036968578954
"ENSG00000244575.3",0.810556601277383,3.55293920335187,2.37830587493475,0.018018943995974,0.0948543815419245,-3.44429420220418
"ENSG00000211956.2",0.81517283487978,4.16482233634148,2.36548440570471,0.0186429209341366,0.0964192921257291,-3.47280491346653
"ENSG00000112936.19",-0.582879530181251,1.52607576838058,-2.36414948310182,0.0187089665582504,0.0966164541664873,-3.47576482290655
"ENSG00000146648.19",-0.541476016743067,3.40140369516913,-2.36394243260487,0.0187192288389693,0.0966488429929304,-3.47622376980223
"ENSG00000019102.12",-0.683747088423918,2.21833427621276,-2.36243810659924,0.0187939381842463,0.0967812534913611,-3.47955708917802
"ENSG00000211959.2",0.909908308959423,4.93189861905543,2.36108187456175,0.0188615172826269,0.0969700591350505,-3.48256050945786
"ENSG00000271503.6",0.547140613915193,4.94658250727205,2.34733169145573,0.0195588198760649,0.0990637996660215,-3.51291706377579
"ENSG00000128591.16",-0.59891013458526,2.28862063888001,-2.34598556971121,0.0196282859783395,0.0993307744244428,-3.51587975654569
"ENSG00000114270.17",0.653969141867339,3.4250583682581,2.34495279214964,0.0196817287967612,0.0994539490687353,-3.51815169837587
"ENSG00000171517.6",0.506266607882111,1.97288863634676,2.33514578328559,0.0201956067744893,0.101079910954814,-3.53967753751781
"ENSG00000189058.9",-0.663612432250211,3.11259675417006,-2.32795246379531,0.0205799738011784,0.102228361363776,-3.55541126685501
"ENSG00000119888.11",0.69460765934637,5.77487061336265,2.32535276125276,0.0207204549307665,0.10269694677503,-3.56108602026461
"ENSG00000280411.1",0.85250545303098,3.83977291707311,2.32163104087099,0.0209230291243086,0.103136455264116,-3.56919934044968
"ENSG00000176485.12",-0.506506476301595,3.11081160203156,-2.31761380180755,0.0211436331659231,0.103937242800621,-3.57794284389972
"ENSG00000148926.10",0.519583968528401,4.28274776622403,2.30537825768111,0.0218281350756327,0.106053647248109,-3.60448358492386
"ENSG00000178934.5",0.983587930906775,2.64369825068951,2.29635330484352,0.0223453691665213,0.107531261913997,-3.62397332332071
"ENSG00000211950.2",0.857960078106101,3.92006228714811,2.29428089470555,0.0224656432831468,0.107810160554352,-3.6284383727035
"ENSG00000073282.14",0.833811472139581,2.73505742249392,2.29380117102492,0.0224935649421514,0.107922769987898,-3.62947139321677
"ENSG00000115648.14",-0.550641361717655,2.22968730533551,-2.28132758769153,0.0232302921225252,0.109809376639716,-3.65625847422576
"ENSG00000225972.1",-0.819198496762114,2.15265674355761,-2.27970340492526,0.0233277539016374,0.110157574477999,-3.65973605216333
"ENSG00000241351.3",0.886745267410974,5.59229517224475,2.27763983769792,0.0234520960940197,0.110547470724386,-3.66415096220439
"ENSG00000133101.10",0.515491624254721,1.23955874994156,2.27322501392925,0.0237200584011459,0.111401941918897,-3.67358333204491
"ENSG00000075618.18",0.52982043986667,6.09142594795891,2.26255150732647,0.0243789525570837,0.113091095075338,-3.69631458696818
"ENSG00000211662.2",0.861948072057801,5.41073841245568,2.26141104477558,0.024450289253222,0.113293668588681,-3.69873731496843
"ENSG00000065618.21",0.826396166069085,3.23281610184682,2.24245213860476,0.0256630895553857,0.116812634661049,-3.73883974539436
"ENSG00000211962.2",0.747456941672461,3.68769816012313,2.24003606894823,0.0258213415139203,0.117207011999264,-3.7439268734678
"ENSG00000211648.2",0.83057937682167,4.77023316126821,2.23803892709901,0.0259527934181835,0.117512928881736,-3.74812793559802
"ENSG00000101210.13",-0.595765665165891,1.88755533371492,-2.23615590832576,0.0260772659436305,0.117922214554655,-3.75208562165657
"ENSG00000205358.4",0.798140019545347,2.12681445162896,2.23469494438046,0.0261741965125447,0.118250147273612,-3.7551540264195
"ENSG00000185499.16",-0.770151662165143,4.42603292918968,-2.23150252099789,0.0263870939312769,0.118829639358377,-3.7618522076956
"ENSG00000211945.2",0.876076916974955,5.02374499992112,2.22755657659277,0.0266523191390712,0.119410379576171,-3.7701186087417
"ENSG00000152137.8",-0.506996757701087,3.16573260215226,-2.21369865306553,0.0276021909975669,0.122127535313553,-3.79903774267867
"ENSG00000167600.14",0.623249920756872,3.80262965106447,2.21013537715726,0.0278511227160582,0.122885494731185,-3.80644551136178
"ENSG00000243466.1",0.85183698409386,5.87633363916949,2.20118086673948,0.028485291314927,0.124984376023103,-3.82501031927098
"ENSG00000143217.9",0.620892645856663,4.11508988115021,2.19866994107344,0.0286653468936369,0.125615107972478,-3.83020298051581
"ENSG00000116661.11",-0.505109855131883,2.72766331016538,-2.19790769175523,0.0287202014534082,0.125773347352612,-3.83177819876125
"ENSG00000211973.2",0.692935352680831,2.68320749458663,2.19543883443865,0.0288984945309604,0.126089269958541,-3.83687656467307
"ENSG00000124429.18",-0.50268659646077,1.95328883446702,-2.18818701141254,0.0294277464703936,0.127735456844728,-3.85182005626877
"ENSG00000204644.10",0.541713500581957,1.06331489105795,2.17620836414725,0.0303203286400532,0.130023538714811,-3.87639916285193
"ENSG00000211640.4",0.817382534711699,4.8495872198332,2.17243351930339,0.0306064107547879,0.130807705749243,-3.88411775898287
"ENSG00000115380.20",-0.626976638491509,4.20312757433126,-2.17020622973392,0.0307762996516461,0.131163466050127,-3.88866591707092
"ENSG00000211941.3",0.764284219043711,4.10771479075304,2.16509079727243,0.0311695680795509,0.131907493954762,-3.89909461489442
"ENSG00000101144.13",0.508410050310942,2.13651177984161,2.15944123169046,0.031608929211912,0.133119155888108,-3.91058455810808
"ENSG00000100373.10",-0.549198144307334,1.00155376996433,-2.15242421932318,0.0321620590953043,0.134653102171372,-3.92481511952843
"ENSG00000157613.11",-0.535443197247899,3.07919323548083,-2.14671085612812,0.0326185641128653,0.135711113644779,-3.93636875065596
"ENSG00000118849.10",-0.610868902728957,3.75399875313098,-2.14559513290215,0.0327083597968628,0.135976051198081,-3.9386215093123
"ENSG00000105668.7",-0.544803733459528,0.9699279837983,-2.14509834788003,0.032748410473615,0.136043449565742,-3.93962420391525
"ENSG00000167183.3",-0.644406230583482,2.92620043861972,-2.13777527702623,0.0333437087523313,0.137461212933015,-3.95437876294217
"ENSG00000211949.3",0.822399327304411,5.58426010587143,2.13222778527156,0.0338008415187801,0.138614355161675,-3.96552334419323
"ENSG00000164736.6",0.510957760212171,1.55057675797758,2.12367503411816,0.0345161681371164,0.140124303097714,-3.98265034730525
"ENSG00000167759.13",0.663137502211386,2.05410309265198,2.12000172026609,0.0348273605177214,0.140844660500787,-3.9899857346356
"ENSG00000160963.14",0.508496685938085,1.17241112124447,2.11843287399472,0.0349610005953436,0.141172963391001,-3.99311487630767
"ENSG00000211943.2",0.773088995878618,4.65362619512822,2.09283852716029,0.0372041508738266,0.146322253210898,-4.0438469056778
"ENSG00000270550.1",0.748558545584988,4.5336885356137,2.0747332016648,0.0388643339739926,0.150054506529139,-4.07937332752372
"ENSG00000211651.3",0.770038943329149,4.95098689310549,2.07062840580616,0.0392494010097969,0.150615591137768,-4.08738614464263
"ENSG00000059804.16",0.544116971666063,3.34244965354486,2.06339211566842,0.0399361612216761,0.152251507128757,-4.10147432719982
"ENSG00000169248.13",0.53786686207231,2.53668939768463,2.06208021700461,0.0400617579119165,0.152586220573458,-4.10402330927137
"ENSG00000124107.5",-1.0321063030746,7.27008551716496,-2.05879757811995,0.0403775028339975,0.153234584556474,-4.11039448867019
"ENSG00000211666.2",0.808302212700936,5.76480720855038,2.05662070247192,0.0405880559099345,0.153667098974823,-4.11461409003125
"ENSG00000211637.2",0.741337988104959,3.85536456498183,2.04237770620272,0.0419888854957988,0.156836908925748,-4.1421153975444
"ENSG00000102837.7",-0.754115851624162,1.52489448962257,-2.04051583430228,0.0421750087834558,0.157126397898062,-4.14569670398744
"ENSG00000211934.3",0.768865236793023,4.46926837697652,2.03805971472233,0.0424216091890178,0.157705506455566,-4.15041619149515
"ENSG00000108551.5",0.571847352440204,3.22165622975633,2.0260872540263,0.0436412934257343,0.160508344730869,-4.17334247093112
"ENSG00000211673.2",0.79398096532539,5.95347389738759,2.0210418697264,0.0441641330118369,0.161554946616325,-4.18296465799323
"ENSG00000166535.20",0.616207322758829,2.06317850664607,2.00278012477679,0.0461011877771223,0.165801569187728,-4.21759715809574
"ENSG00000133710.16",0.587146516691229,2.27763762178142,1.99913827685467,0.0464959650812446,0.166316980396949,-4.22446719076095
"ENSG00000211937.3",0.761382109304488,4.23786829385794,1.98186111412143,0.0484079939111546,0.17042661829237,-4.25689336765653
"ENSG00000101213.7",-0.520202609711491,2.92189721994707,-1.98165890682763,0.0484307589557549,0.170468388592993,-4.25727125401688
"ENSG00000137285.10",0.540754023733608,2.21326994637522,1.97887930077038,0.0487446115176845,0.171125451653619,-4.2624619984781
"ENSG00000211935.3",0.754268875423164,3.73064123837142,1.9749606517402,0.0491899902212324,0.172115221490646,-4.26976779385884
"ENSG00000087494.16",0.573555530961908,2.02036707872173,1.97294154760279,0.0494208104813616,0.17258941461438,-4.27352664163162
"ENSG00000174564.13",0.654018005145731,2.74905601636425,1.97244318890933,0.0494779222359409,0.172688967979967,-4.27445383107641
