"","hsa-mir-1180","hsa-mir-127","hsa-mir-134","hsa-mir-141","hsa-mir-148a","hsa-mir-181c","hsa-mir-187","hsa-mir-200b","hsa-mir-200c","hsa-mir-210","hsa-mir-29b-1","hsa-mir-29b-2","hsa-mir-379","hsa-mir-409","hsa-mir-410","hsa-mir-429","hsa-mir-432","hsa-mir-487b","hsa-mir-584","hsa-mir-889","hsa-mir-135b","hsa-mir-200a"
"TCGA-OU-A5PI",4.15962111342263,11.7198505070225,10.4233091847114,1.10457619440723,15.4236573113061,4.931958381331,0.253052571470412,0.655514866839316,3.01682914255602,8.1081861051178,10.3512390994828,10.3569450378556,11.3635509169802,8.26746683114043,6.4475256564945,0,5.87080463750026,6.17636510330922,3.73014788854896,8.69541370330974,0.46827258933039,0
"TCGA-BT-A2LA",7.18222424938305,6.32499348438115,5.20967088424733,4.03305318369424,13.0779089144952,8.34545301787335,3.29916786052642,5.30495947796055,5.60247828931002,9.46342492605978,2.43875539808277,2.69477591392959,8.40132696513313,1.17846224704549,2.99067264527523,3.29916786052642,0.507026351165439,0.507026351165439,5.37982457172781,3.13597493297579,5.48530638286919,6.76840583425624
"TCGA-BT-A2LD",2.87885048077545,8.23100028022811,6.84124917524745,8.15747646385509,13.7620648921957,3.36621700733876,2.99038492866364,7.0567800865102,11.4023341610185,6.20688001390863,7.02110675719372,7.06794817523883,9.70982730696142,3.28103438348737,4.5705874613217,5.63737326473978,2.0370012017969,2.13734842569637,8.09801524966507,4.46833502698371,1.02477284406883,6.82817214958709
"TCGA-DK-A3IU",2.0925788910136,7.31547833243136,5.00402562892682,6.72280904727904,12.3374745160304,3.16185624901402,0.888901023627106,6.30521252407614,10.7374390836417,6.00068953359104,5.36369348628914,5.41739604483803,7.95013005035558,2.04374274853712,2.70851194383884,3.45117892700796,1.09469954986118,0.51185459534511,7.18925111198926,1.27477333582022,1.6458916078368,6.27114459136892
"TCGA-GV-A3JW",4.07775554323494,7.74320183537096,6.06503288027501,9.5847003497357,14.5554228598239,3.65001234677504,9.7151914385409,10.6539758776473,11.6556823341198,9.48936286649186,6.62531373158143,6.61826163808482,8.85229648090162,2.41482423515617,4.47127403250088,9.36848685512703,2.65428269323297,0.972904356265358,8.27189291031836,3.90307906231711,1.95916290872096,10.0221569491263
"TCGA-BT-A3PJ",4.32002197383956,9.25760680690927,7.89041587821366,9.0905050148889,13.2217307689011,4.24028501713669,4.34565078338559,6.85693011906602,12.5333104765305,10.7046698898493,7.32790806239227,7.31499197602023,10.2972247064983,3.59666827874003,4.46738037427498,5.8107211788789,2.89605130986226,2.40487806000453,9.47422666124065,4.44384232987467,2.49924636658261,8.17405594453043
"TCGA-FD-A3SJ",3.97084914591144,7.97407012603931,5.94895110702531,9.50682477167674,12.136826994263,4.27425703866088,6.39635337930003,9.53536074780987,12.2780971359653,6.59345056994046,7.07240116033833,7.04058081737676,8.44612399470749,2.74957309655973,3.18173436689341,8.39984642127852,1.80553680556885,2.02955536385255,5.33946049389132,3.31538798358087,1.01977093445316,10.0600182124251
"TCGA-GV-A3QF",5.22703518690608,7.57409458834532,6.51420278998109,10.7477113268073,11.0225879140467,3.57725974333298,9.14288007342844,10.3725673282921,13.8901213243622,10.562594630677,6.69765359922473,6.61422046668406,8.49650334663843,2.77243192484281,4.26504938977487,8.00098977749638,2.91870317270763,1.29757119310264,9.93792498184094,3.82000746302048,0.789998779630722,10.3985147672319
"TCGA-GC-A3YS",5.4932577895906,9.44453924112158,7.52089030198871,8.04728181449004,12.921237046732,4.73172056712755,0.794157145836977,7.48192706921984,11.5015033797853,9.21075214218502,6.82415405540527,6.85345075480531,10.0729870095546,3.8041013794666,4.37137638848246,6.49291747665793,2.72853507503493,2.2608278002687,5.48539938994115,4.62846647956909,2.80629415132153,8.424431569115
"TCGA-BT-A42E",4.71548982063643,6.10340342922867,5.44750996932851,10.9224299235022,14.0133074133723,3.76115780839026,2.08949340512393,8.04332564309995,13.5757224707051,11.6081553095566,8.03311454018742,7.98801172844247,7.41988883744693,1.51629911811303,1.43590377321924,6.12919820459359,1.06027501399332,0.828010016670017,7.3489409581813,2.14111655361949,4.16189703165525,8.25215442925148
"TCGA-CF-A47T",4.62752769783301,7.66503225122426,5.79216191664397,12.0610830042776,13.3386556257373,6.09421689572688,8.80564260591332,10.7041467197221,14.4111055559208,11.1987771036519,8.56245872447864,8.51647756053268,8.53015422289066,3.05742860993357,4.09127373194937,8.64773799078702,2.27406451674443,1.03309592422018,8.25670090919192,4.06144451237974,4.40807378247661,10.9046181393288
"TCGA-FD-A62S",3.00446885257796,9.27922635053174,8.40413995758799,9.08267535867266,13.1603529267376,4.30601705407802,2.65637165956515,8.5819819192698,13.096965851035,7.14899982331865,8.34430408020519,8.33023498085618,9.91199135330018,3.86982660496578,4.01761436744394,6.85413179135542,3.12790347087432,2.24106372542288,6.20330628046797,4.39718078525379,3.38708690791449,8.45865613790939
"TCGA-XF-A9SY",3.97059066975864,8.68521770227068,8.00581869930484,9.10992042759096,15.4684447615527,4.14029555013642,1.97652054549119,6.13897428176773,12.0965025362978,10.6931411771604,8.87054743397115,8.84314530391294,9.90429715261403,3.08774286663904,4.11336178607912,4.89248657093623,1.3954982850626,2.09139078506742,7.28169110150865,4.0579369805114,3.5562132095892,7.00227379940879
"TCGA-XF-AAME",3.55646657065301,11.0690209782493,8.45523637697985,6.5942682089373,13.6133318318902,3.8589159564752,5.01080167590745,6.84795494004977,10.8214319629278,5.17995250950747,7.49354035905182,7.51534293603365,10.7025672907547,5.25364333333083,6.1254342802728,4.73016223881352,4.88246654072052,3.42087054494158,6.01204115314986,5.86304310225444,3.13916199730418,5.85780144304443
"TCGA-XF-AAMY",4.33213568239233,10.0948258570241,8.41599301192568,9.88393888154986,13.8832499885299,5.25671854098755,6.27739036837833,10.2945730989659,13.0595614916808,8.8690082354217,7.7687335164431,7.63924443652567,10.1369413190232,4.12163181410293,5.38571537195819,9.508163166038,3.49917440737784,3.23481858048387,7.21797976329811,4.4754433066229,1.1776690852057,10.3712682753518
"TCGA-A2-A3XV",2.05362401046212,8.91909013986029,7.20279472430492,10.1662100366459,15.7480673295034,4.1422335390882,8.99233771589396,7.66636337550462,12.7479557774928,9.32968587534082,6.56443662823736,6.52266108815144,9.21195429207701,3.38604194785391,4.06672435322274,4.73671374976646,1.48586111605449,1.48586111605449,6.87780047224951,3.61533024622445,0,8.26699134669614
"TCGA-A2-A3XY",3.12715516334267,8.65880363751875,7.42143708674901,9.70515758827753,13.2702076973176,5.22439920494678,4.77336215924655,8.41191825777633,12.0080126513366,7.35480736886468,6.30756484614655,6.32272006131982,9.75837627221982,3.40858986527391,4.36851882367063,6.16769114313748,1.52706933433602,2.2521725047036,7.2397573816327,4.16494593420938,4.04213720400915,9.28671661333811
"TCGA-A2-A3XZ",2.38569663429994,8.46157447376263,6.64555788332691,8.12387856184518,13.7895815837278,4.01569790997238,1.54640901549508,8.36737487945396,11.4949453862132,6.92409897088816,6.20933429938316,6.25721908464998,9.33632731306378,2.75759423585599,3.85262243813114,6.57173298783458,1.63829677138164,1.34296087295306,4.19282753351397,3.75336888112309,0.82240955874357,9.22078600013679
"TCGA-A7-A4SF",3.64218157658114,6.75412259090143,5.10582735927495,9.63810541570585,14.4144179356059,3.67137626278239,4.11561018893281,9.06806536216006,13.5594385555311,8.09855659679999,5.69464140422427,5.85591564270835,6.87198102565856,2.11037426900989,1.72119764415608,6.91838209575672,1.18660641055891,1.18660641055891,3.9821751235064,3.34885545981329,0.327955186282993,8.42747541004802
"TCGA-BH-A0HY",2.56640286173642,8.13133061780293,8.50328145712869,9.83842286613956,14.3699845849971,3.43917284006387,1.15757863732948,7.83733120887655,12.457862669021,8.24689918886361,4.08752631843565,4.53324449980422,9.71285891623916,3.73425091929997,2.83877714088346,6.10214314512648,2.23035059610307,1.79146153133944,6.42504044412553,2.83877714088346,2.56640286173642,9.5706529192819
"TCGA-HG-A2PA",4.34595821301243,8.32919759083272,6.53268008124568,9.73509911054573,15.4179716810698,5.17290569404634,4.93208451665212,9.91385905056714,12.8015873416316,8.64874735004819,6.97738246570315,6.9601183627093,9.73281362187184,3.03470169772253,3.74856202491789,8.11113229959425,1.48475169404515,1.63155693114842,6.31093819878145,3.74856202491789,4.94618230720644,10.4005233176969
"TCGA-IR-A3LK",2.52980071118361,6.42214558848002,5.00836977011795,8.15988622269133,13.6057023020976,4.58371739866795,0.200649984095122,8.3460528348326,11.3373507802954,9.76913012317543,7.55434252884182,7.52542292175419,7.54515117921689,1.76020348495961,2.24196370713304,6.69364770798199,0.533711845968018,0.804120486566302,5.71778078679783,2.24196370713304,5.19624006852464,8.53665371667697
"TCGA-EX-A449",6.51091256307646,6.20822427041493,4.31688493410009,10.9462354882531,15.5301067126579,4.87751428369775,0,10.0678923484355,13.9466134102538,10.559124186579,6.36261972627543,6.4931883817507,6.39161065544041,2.29201485607074,0.638556740523369,7.52495390845785,1.07966278168011,0.638556740523369,3.04229780386546,2.11790278909403,3.95196464407639,10.2444710734484
"TCGA-IR-A3LB",2.72759311620085,7.75105106187005,6.49182018647744,9.12657198141575,13.904752519165,4.49287781524069,0.574343753920013,10.1183160311335,12.7134270022003,10.0211831765753,7.20174080481645,7.27189164541854,8.1823338980011,2.67332960002757,2.61694505450664,7.47191004164869,1.30275713084058,1.97599622416682,7.01254546639571,3.29307541082877,6.70967577175477,10.3413389315866
"TCGA-EA-A44S",1.4334840254088,7.75036387371891,5.77779955328424,9.61056521467337,13.4149827377307,4.14011015036339,0.647999655760195,9.50944145188294,13.1862199044152,8.45620399321664,7.84590166838541,7.93995215713312,8.05719710681549,2.99872409355008,2.56412180217242,7.20431177816339,1.7083978298414,1.4334840254088,5.26384618177871,3.86867284000844,2.77798542511191,8.96401690233806
"TCGA-EA-A4BA",6.67792303497302,8.41064363160054,8.24589310884865,9.13092506444945,14.4329507230586,6.05450217126442,0.846667411722567,9.34795068840249,13.8400841301247,9.39660972358118,5.2065412534697,5.58803031359497,8.02492439360561,4.68642219932229,3.86510858010744,7.79533016074994,4.08464598912315,1.37667045784714,3.60606172340346,3.03299616498006,6.72223104824071,9.19127641449297
"TCGA-RA-A741",2.65176490960839,7.30090488437158,5.15210276219579,9.76414779482754,14.8975824459479,5.05352014352275,0.94310741325454,8.76121152419905,12.9929669071557,6.37416070156394,7.07632646189576,7.09680417459,7.81134602237068,2.09466442248036,2.35333881910815,6.68527560744774,0.417396179869754,0.94310741325454,5.40150438907836,2.68977192916028,4.86291527040531,8.81190566491901
"TCGA-VS-A8EC",5.56796307028356,6.03207599702839,4.41610456364131,12.0539731856809,13.7400051511564,5.84830467371379,0.334437843731641,10.2775810731881,14.7930078326926,11.0893692919791,5.84830467371379,5.73273658845761,6.668204878623,1.35913711279921,1.95223924756431,8.93480787721547,1.03107401265734,0.60575222276429,4.26768777491506,2.13472037413738,2.91114565098024,10.5923454184373
"TCGA-VS-A9V5",3.43167965023035,7.12194513177514,4.54438671379751,8.25970474110073,13.2210119981228,5.44890517881671,0.688763138906179,9.61260521551066,11.5219574890585,8.58572611545156,6.11962522536698,6.16339046571185,7.61164950026892,2.35905303383604,2.95063936245086,6.84122719414133,0.93949139235582,0.819567640905254,4.40549883273596,3.65834037679623,5.57925450197959,9.68436939070956
"TCGA-IG-A7DP",1.82229492877569,8.11901727407068,6.40123972358472,7.38488164717242,14.9057376209856,5.10924127719494,0.446095274381996,6.24114592925241,9.55625910277371,4.75963640348009,8.0692813764937,8.09340695773426,8.78782728922058,2.55868201257216,3.30414798602362,3.19421615115184,0.930448958940703,1.18155803326543,4.9407539065522,3.54711070906685,3.91948825382115,6.52276557248771
"TCGA-L5-A88W",3.9081373147237,7.76678631145858,7.30403336204946,10.4990692361403,13.3590654504941,3.38947884322863,6.594218561009,8.37124970855542,13.6685189069073,10.8490371886989,7.08503981684773,7.10677239016595,9.55366397961251,3.00116883072595,3.74032132839894,6.60647465287129,2.57185953168204,1.95792313965943,8.25733184052175,3.78414054132824,5.25145968710673,8.95415989060338
"TCGA-V5-AASV",3.07678806802948,7.8081286817713,5.98548282913586,10.3215337828835,14.4997939984473,6.39154322637211,3.76407710040475,8.92353916421404,13.1689180625707,9.59922007257371,6.9674724155117,7.24282244680825,7.96830338409299,3.42300676135751,3.17143775545481,5.77551631241184,2.14815903738428,1.71739106335055,3.42300676135751,2.47944374142255,4.31320223645426,8.94714212046913
"TCGA-CR-5247",5.74066233147197,8.5799215877102,8.03486637295672,9.03391206658921,11.7240116174543,4.30186525821216,2.29834569777084,8.06097721358796,13.1163435864291,10.9443328232226,6.13857318058382,6.24179178155416,10.6238224461907,3.48964209182995,4.02150620026622,6.65725144265703,2.82703020344821,1.66774909723176,8.68896979145102,4.13312034185159,4.20300408418603,8.81217795384444
"TCGA-CR-5248",3.37902923595422,5.60487766092017,3.90144280517717,9.80888162852781,16.056017714756,5.51566180739547,4.05004870541917,8.72185911104574,12.0377076270624,9.12435413316249,7.49441114597271,7.50732509339097,6.35872426336073,1.3903006375017,0.98024470485339,6.15716211706969,0.405194029049323,0.721182766874744,4.15881073767766,0.405194029049323,4.23531839151976,9.32148901146738
"TCGA-CR-7389",4.89508018870155,8.23795010410906,7.41755739872849,7.8631982600779,14.7613195080577,5.43838880624088,3.76346394823622,8.92096942589671,12.2260599154272,8.79487536302317,5.80589541326161,5.87694829086694,9.3444084892245,3.67922762689575,4.52857431927327,6.35081281978797,2.94023498317542,1.34509429191281,6.40426942030198,3.62020738931264,2.78766836682538,9.41067044218915
"TCGA-CR-7383",3.56288775231747,9.41549046821714,8.47939679564744,9.76432114733183,12.9981335954849,3.76773413369071,4.58964012169862,6.78476081579616,11.4572890926331,6.9283537165322,5.04844380229518,5.06407899930097,11.0769691156798,3.32406473024466,4.77205861761237,4.35558106350815,2.4133541548384,1.28828236461943,7.4286247667679,4.79097367792882,3.27116089873043,8.10355297762064
"TCGA-CR-7404",3.86308764367586,7.69867663897855,5.95780107709075,9.22808421026065,14.4721242321718,4.62223401227966,3.16861973393955,8.37111709594899,11.5859222020104,6.98623957659533,6.99805280651495,6.95020815032661,8.55695606701379,2.1617980551859,3.27602089982681,5.33143149689832,1.03027745113892,0.430255294587544,5.62347585466451,3.05257518003661,2.78806507211911,8.16650004881659
"TCGA-DQ-7590",4.31205913179105,8.00782171650877,7.62310232672261,8.65844796893733,15.7599846163675,5.77356564061807,6.65678764026951,8.45428915461556,11.5029078224481,11.4333181949579,7.10502057208783,6.92933382336414,9.51809786987572,2.67572900561295,2.71854838345922,5.57815863199867,1.23106615828121,1.45015602535948,5.58395971969371,3.35605082102471,7.14481086475702,8.85776163905799
"TCGA-DQ-7593",4.14006678334189,6.79441574937483,5.15872007098853,9.06405287844513,16.9681156325271,6.91093481929018,1.45977939737478,9.19047301571273,11.112143797628,11.0440007639818,7.65637258921676,7.6873361168303,7.45518536886995,1.60522881181132,2.17035005295985,5.97399598116385,1.11577171910056,0.663166064842506,6.8207205863371,2.42670943884738,3.10202078629765,9.84243776682717
"TCGA-DQ-7594",4.19122554558317,10.1089025540643,8.64481831238938,10.3711449714893,15.5030350537726,4.76018463907172,4.45671049196186,9.19765938018194,11.4894568337329,10.3107403613791,6.16824749469,6.13074401554343,11.0830487595631,5.14582607773252,5.51365487123731,6.2429636489155,3.46177998767862,2.41950814964706,6.26291182790335,4.91947700324645,4.89411991208271,9.89148373725555
"TCGA-DQ-7596",3.20546758623364,5.8721234145438,5.177948598587,10.4588023639255,15.5308558746364,6.04021078029293,3.3048669989573,9.17909892612038,12.0667288488916,10.9559327352035,7.4622642645194,7.49420481526873,7.15108830388962,1.723713197861,0.990546855734002,6.52039482448751,0.410318307898343,0.729407460416778,6.27895396478515,2.20750901872336,4.71871215981509,10.225806679346
"TCGA-CN-A498",4.55270106313282,5.14489027886461,4.4130224285228,10.562620979904,15.3659053534521,4.58560543875146,7.48268019543341,8.40681137973519,12.7859790107198,11.6968302424895,7.88747639008957,7.89241603605383,6.85189969837698,1.53356284987417,1.53356284987417,6.46221495647564,1.05856310089217,1.39192440660204,6.55651600214448,2.41452146318564,5.65162477945786,9.06954273602405
"TCGA-CN-A49A",4.90546012779538,9.15858808423092,8.01132947066012,10.0732805406395,13.3950478915418,4.88746946270875,5.87663554963947,7.49499808333036,12.4283211100032,11.4254204403979,6.71928269766286,6.68584290057265,10.0940199701161,4.08498173460155,5.78728618153185,6.30372371494076,5.01722969361598,2.71615795017012,6.50592450438342,5.30163585756396,3.60198300679323,7.97771301049965
"TCGA-BA-A6DL",4.47013705888159,6.82681759154922,7.25431349592048,11.6643459447736,15.1641928899208,3.00981634811117,4.4469923459611,9.26881855252504,13.2680178567977,9.82297686975617,9.01020485563534,9.02786070020933,8.37903096500616,2.57003370183748,2.57003370183748,7.75599500663834,1.63987393872576,1.04137827236191,4.47013705888159,2.3875751241555,5.91310001418531,9.04337542201774
"TCGA-CN-A63W",3.97713134115968,6.68120160764827,6.38945242752969,10.7035287189786,12.0481450775795,4.4864216860263,4.77958893880845,9.8392124568411,13.8004888183304,11.578446679244,8.18145363308374,8.1469073530339,8.09241803074171,1.77584743934286,2.01095488467809,7.20826048515186,1.14547856149193,0.683559925109568,8.19444692236052,3.15044107177007,4.88198718317987,10.666886086945
"TCGA-H7-A6C4",2.44102552652173,7.49811901609272,5.42200614866104,9.59354549317351,13.6937310802008,3.92108418340607,5.2266085978932,9.10833185981659,13.2821541884158,8.08953078250479,8.57636322335393,8.61052411370652,8.18755194809289,1.94794401011971,2.71667796569702,7.06356097898281,1.44092350325727,1.77800077969919,6.60046246378269,2.97448948180379,4.95473373052603,8.65876544627048
"TCGA-MZ-A6I9",2.65027561400321,6.78004879690429,6.23346757705108,9.67194350568663,15.4063682748125,4.33458743901383,1.03954130939217,9.27142390652688,13.394373084495,7.50245229851483,7.55468553970097,7.51638228445889,8.26923896181598,2.33524570274827,3.18471462466974,7.29345467206864,1.36924981883799,1.03954130939217,5.72996066974679,4.14675793066111,3.75392153496967,9.8222129583656
"TCGA-QK-A6IF",2.77277267935028,6.32272170148389,5.60331807228369,9.95647350357064,14.3806786394681,5.90010394581329,0.460899797187532,8.96988701300057,13.6606970431213,8.21815862912296,7.73539660618665,7.61867802765994,7.48411591526751,2.25217371603471,1.09031147137604,5.63097654172612,1.09031147137604,0.460899797187532,7.196398868623,3.12369963163295,6.39225250004115,8.82474529176687
"TCGA-QK-A6IG",4.97994466065772,7.56423000422526,7.02900736392663,10.4068081267958,12.2382208239936,5.04099948937151,6.78314961681428,8.40186919525072,13.7671324314792,8.61162682159619,9.02372667989801,8.97840265037688,8.46003346988375,2.42370240144071,2.80787234458082,6.75791222545351,1.39892383162406,1.39892383162406,8.18502606444153,3.01683074676427,4.184994957695,9.18051161520818
"TCGA-QK-A6II",2.26911934640526,6.41479883749163,6.25388062523781,10.1808171324508,12.6615815512486,2.96752702291349,4.26924324981088,8.36552484809389,12.9784495207518,10.1124048790785,8.84884777365967,8.82126300528047,7.57890684065004,2.09576681172104,2.09576681172104,6.34870921320252,1.39904309169052,0.628311672241403,7.75689337009709,2.42385888432664,5.60743690647917,8.30083364693311
"TCGA-CN-A6UY",5.39650333517701,4.94013145806496,3.79781723773847,9.96369388702859,13.661400920307,4.58254420128682,2.86444053189832,9.13289037012095,12.8908528787456,8.76053772565335,7.91626117951984,7.94396387910203,5.99605729981228,1.24533440784206,1.37806209823442,7.59173058826336,0.425119807166215,0.542913738762935,3.22321169097931,1.17409125399894,6.91130973240564,9.8060273266256
"TCGA-T2-A6WX",4.2299300992662,7.17909086984429,6.90931746260314,9.38329496472138,15.5195452430214,4.16929023630047,6.90931746260314,8.16766047315544,12.6513954875956,11.6964602245851,9.11243983780639,9.15541215941801,8.64034130430929,2.49421180092622,2.67955261246212,5.39892926829224,1.19363235497845,1.48655529458442,8.175390015796,2.67955261246212,5.85543488037403,9.64411364278233
"TCGA-QK-A8Z7",4.02501355217839,8.76535715333108,6.15153229454771,9.93307146283339,14.1242805392145,6.1277429014013,2.21843153143412,8.90085589416276,12.8038548497687,9.53799557855656,7.30787171241328,7.39728836247571,9.55688800599625,3.78539905557505,5.08962242369834,7.82575844314089,2.21843153143412,2.055062695228,3.47653605934324,5.01748021540835,4.44364888416357,9.59177444929225
"TCGA-MH-A855",4.00458085063344,5.56442853396249,3.73058637686877,1.21109071384336,13.0436792749166,6.04495495639642,0.908237251716568,9.01148144372402,4.18925211041445,8.73051342248096,6.85069868943712,6.83231649217962,5.88292808796102,1.21109071384336,1.53586683032948,6.58248344494892,0.908237251716568,0.196764397537837,5.35375194223577,1.80079679853155,3.05419798914021,8.52553876730665
"TCGA-FG-A711",4.42407240768628,9.10591011360123,7.38985699073473,0.308001991775426,8.58782576659292,7.718850470329,1.70528302972084,1.05030386836575,2.77205793119983,6.39945076835621,7.59468231061865,7.52741600496581,9.92270532685629,3.76697682651142,5.92165328527687,0,3.70250462290908,3.6892571092769,6.96158965652146,5.09089381518719,0.162204879218259,0.874186321973219
"TCGA-50-5933",1.21203075668828,8.23559460570006,6.70839865758664,8.26161687699508,13.1832126334635,3.41350296337535,0.909010376315513,5.90230801026958,11.5302719070673,7.80985911448762,6.5885142481877,6.5280512485965,8.83256586175689,2.5429174521646,3.18891549323354,3.49999190274988,1.34259741130071,1.34259741130071,4.42006800737445,2.59624415255052,3.35282178984165,6.69928796013066
"TCGA-50-5051",3.23066123917285,7.26564758937972,4.71743416703412,8.51359261574783,13.9721759732381,5.7342951482375,2.72056741314755,8.31993454565771,11.6534301149285,6.43933433695187,5.72629784431546,5.63953557781232,7.91368228327599,1.12242092917686,2.95762491649355,5.4041654797088,0.912910407804476,0.795517612578691,4.35208623578342,2.47543254094038,2.93003710580094,7.87260751291844
"TCGA-50-5072",4.57812961120898,9.52161210882214,8.10282941498937,9.29383232119393,13.9636047590706,4.45210533854171,1.39766991022645,8.06907510411716,12.639300517503,6.9727480175128,5.25686475677865,5.29073155579888,10.7608147556076,3.43410015465333,6.48021476905045,5.21514645615338,3.97386967019131,2.21188253348584,5.89452621246435,5.02703476584899,4.246585030771,7.69839876910514
"TCGA-53-7624",2.90130252059038,6.42297700124374,5.01494854181433,9.42901061242157,13.566581347229,5.04502575034388,1.0155960483826,5.84639700771614,12.4345640479099,9.7371964886103,6.24654946139287,6.25300632229701,7.19404122824448,1.60571998917124,2.24682517712757,3.76568675173678,0.749456177675598,1.0155960483826,9.3892631625392,2.52809867757133,3.57271229089124,6.35856973082328
"TCGA-69-7974",3.92718222822979,6.79553832722255,5.431476610333,8.13150485890926,13.6864902426919,4.21606026241674,2.04668661925179,7.70658191758991,11.928201155479,11.1856155653911,7.5466360940476,7.49169859946355,7.43859821910013,2.04668661925179,1.96001898937367,4.47237436597653,1.29003271148799,0.311374069286393,4.40835168570121,2.04668661925179,3.8569656771035,7.65060726548257
"TCGA-73-7498",3.66645382135411,5.73870431899669,4.19421678164381,9.03390557389503,15.0578303290569,5.97019614900429,2.27670479176941,8.52019668799826,12.73543424833,9.44217506649393,8.82397256724021,8.7925157983039,6.23860379839874,1.28814413549182,1.69747315263885,6.3896144075244,1.08519484015288,0.714531280380564,5.2423973283682,1.89686740679878,7.00257362381496,8.88929470650092
"TCGA-J2-8194",4.22609184520698,8.04675930873611,5.84012820269327,9.3484371231103,13.000653969371,6.67849928247655,3.76252401218564,8.56172216252919,12.7143626640409,9.72136847576451,7.88004579966433,7.91973967650873,8.10630755885768,1.94755133501949,3.42148656283985,5.63146156422423,2.618930936099,1.28012251579813,5.53696558248922,2.86509214504034,6.1204478292822,8.32130895571218
"TCGA-62-8398",4.95756864456217,7.01716806990327,5.43710543362529,10.3197634289133,14.295190770308,3.91014318521894,4.01325267414614,8.89661026776673,13.5889294359456,11.5257925161953,7.49620867960933,7.58424843043763,7.78555697925043,2.32471643641952,2.50537065292728,5.62465180415922,1.47616235013926,0.738360582701548,7.88814921715984,2.81034232761417,5.71307637864462,8.60957240901831
"TCGA-97-8547",2.98954268745806,8.49627661588704,6.91645070435659,8.37929435471665,14.872201229849,5.45612836353907,5.48508540261844,6.76412107473724,11.676756019734,10.826364160897,8.10769196454572,8.0526574516556,9.2394536176339,3.02152023601284,2.92337930859039,4.68609657205025,1.72860581687472,1.37964923904496,3.61050613085789,3.25463530980947,5.25562116672055,7.36582583302417
"TCGA-55-A48X",4.58158830214023,7.35485192129121,5.37776677841574,9.26441273026543,14.6341303131229,4.83262660968876,4.27746937515794,9.0653525900669,12.4822568942246,9.32068358545135,8.16654037402504,8.08426154792697,7.37146777654427,2.01217853890141,2.78203064676127,6.87327954361158,2.26074411385674,0.463872474428786,3.90994855897679,3.16414425827963,5.66335184990322,8.81808942976132
"TCGA-55-A48Y",4.38347828134488,7.94301097090835,6.30247173967138,9.9213194260675,14.4700313037666,6.10428773736417,0.474713263274383,9.35838185656209,13.3065311450347,9.84696994056071,8.11912422109337,8.08640709180467,8.30833661806051,2.77497171274886,3.19888337734109,7.34953313046483,2.4021925276152,1.73891955495249,3.00244185772921,3.52610988781663,5.30650049371134,8.97065141098616
"TCGA-62-A46U",3.45301244876128,2.59802211947647,1.36711941084528,9.25954949414585,14.0469161542683,3.38919507717555,2.16189090627282,7.25246529548112,12.4415015376419,10.4412554125495,9.33699751252888,9.35485707712118,3.78600609524972,0.706481927757152,0.396060821144745,5.12111365012295,0,0.211579188959018,2.21193578348986,0.706481927757152,5.5141621941744,7.11620629816776
"TCGA-93-A4JP",5.5345578482461,5.18540104253079,3.81310002708242,8.75894852472592,13.4748062293772,5.41185373672064,4.47907977668864,8.60324254818574,12.7189497095485,8.88486927072943,7.03956195885037,7.11301412450354,5.61766710357712,0.754589100597757,0.754589100597757,6.36505119103674,1.76766623806456,0.754589100597757,6.58235709187349,1.02199559408594,3.54236144952574,8.40839453426052
"TCGA-95-A4VP",3.36019738064798,8.23523493094496,6.14129512012413,10.2256515149742,14.1972942081596,5.39530702217857,3.34062948878905,7.71161501151919,13.6502798417387,7.74827826131773,8.29745684326546,8.24907713475022,8.01375055226399,2.85306188345437,3.03451595204468,5.41415197636611,2.88042340695465,1.62063661067421,4.63195189320553,3.67343668437797,4.11471491240304,7.18963508895939
"TCGA-49-AAR4",4.19821698184075,7.75276891929725,5.981716321298,7.97992376288805,15.6258795875603,5.68994336455337,4.4371257131118,7.27744557872662,10.803375347337,10.4298180612444,8.80579521506196,8.88233014011319,8.23569010657681,2.30037826089343,3.21178895196234,6.26362143321343,1.40762304417288,0.695881599131675,3.65202544720695,2.96691288470042,4.64203505218433,8.32948914935484
"TCGA-73-A9RS",5.41786277401416,7.35674288328858,5.58710754532287,10.7216228116292,16.1189509216053,5.07661621350583,1.39904363873233,8.43143637251569,13.3898589465079,8.58079553081328,8.06761616921174,8.12796685922766,7.79195535851434,2.5635974630076,3.48966084339965,5.61146909371857,0.494996155926912,1.15571685585502,4.36787438334925,3.06483130121152,1.6071925186952,9.14846213481798
"TCGA-05-5425",3.12343841936674,7.1278729902498,5.78736115341457,9.42113797231666,15.0978416441899,4.62044999308111,2.58299332139957,7.92945822951684,13.0601276645596,7.91732228997354,7.21858033290305,7.111395822349,8.47705603928833,2.28015815805118,2.96477215036511,5.86804171433189,1.70885246638461,1.23964488567305,4.71072263788515,3.19667407875986,5.4254805207129,9.40963242943942
"TCGA-50-5066",3.24671362043734,7.78117966706465,6.35448282175497,7.01107876202908,15.770614411427,5.18921063070266,1.14609732430978,6.63320868567635,10.9762177254784,10.5236492825283,6.95399272477203,6.93266107078452,9.19858075399585,3.78010165970297,3.31425262928057,5.55763931868657,1.64293395523202,1.04369516105362,4.56964031179453,3.29208908935655,2.72482312287135,7.75407364607964
"TCGA-64-5815",3.25186600525039,8.57015068142399,7.59855937600731,8.97078682866287,14.1579673391778,4.05104933003773,1.40032478843619,5.14697289445964,11.4179562111928,9.00433831297303,5.38067117025865,5.23125163781844,9.94675604217651,2.48308234715735,3.32450144192852,2.94904909720261,2.71691892242366,1.40032478843619,6.50020742419808,3.27648639254312,4.05104933003773,6.98593359502391
"TCGA-43-6647",3.04143837776639,9.01780515184089,8.14803168049598,7.92099362106422,14.6791597835055,4.21036945900671,4.18039144659108,5.94766837740397,11.9908158160179,7.93900989856954,5.38971141817372,5.21589498463536,10.4933870475876,3.63467539053626,5.0517342962674,4.60954518416785,3.72050700155046,1.71551606853896,5.38314635403728,4.22512813836308,3.98613056096079,7.21263865113441
"TCGA-92-8063",4.58758611921463,8.27902240799579,7.07310658028822,9.79028095162664,13.1589238294129,4.31135226980522,5.21069838097655,8.68508717052855,13.2012549065589,11.1252349792086,8.22550140341286,8.26533610941788,8.92408606034102,2.94553616590601,2.86485787547693,7.27001729293241,2.48767593500908,0.878099089659475,7.77115001657745,3.16358664383341,2.48767593500908,8.69969854088537
"TCGA-58-8391",5.23934289302101,8.03753768554333,6.14020039868357,10.6879656172035,14.334441713334,6.61067576310035,6.95412526754159,9.52391884955977,13.9103204111027,10.3489262025301,6.97907762616733,7.06482735727349,9.10771729666668,2.57155012874711,3.77296508353088,7.57081421880328,1.91887048650088,1.16099761159771,6.34603089248722,4.09335345844374,2.4131656510164,10.2742100010388
"TCGA-43-A474",5.85079744826781,8.67158127762701,7.32827984852659,10.9812478222955,12.1555423857071,5.16925222811123,6.09963761438759,9.7230810265654,14.100466573243,11.340899589622,7.58165814879707,7.58165814879707,9.36923822209522,3.30870583764311,3.4870350506839,7.85918330989295,2.16240115818492,1.76135251244853,6.52083060857811,4.07569990906142,4.23400597972647,10.0941895225412
"TCGA-56-A4BW",3.93213555366313,8.51726787727778,7.0695399595662,10.2026057896134,14.3401911240297,5.03656702718715,6.36105874876732,8.24069973600387,13.3117416289039,9.82204186955204,6.25104599978919,6.29706963358156,8.80340337407002,2.81457134085021,2.81457134085021,6.44521966504638,2.56993117319958,2.00631633802111,3.85218056128175,3.47896468858245,4.52015989934066,8.46110102274724
"TCGA-58-A46J",6.14374861984038,7.90486331548356,6.7318128573889,9.23692200260036,14.7701286566485,4.72165985736151,8.13264844100924,9.11661937532416,12.5145829875254,10.307361902611,8.06476014703285,8.14330507928636,8.22784167925063,2.36779514447198,3.48487489075253,8.27318200405169,2.72640575540247,1.62328536010785,5.1598174617059,3.28380104893454,3.7532354723303,9.65024131678863
"TCGA-58-A46K",5.77301829886256,7.52319197495301,6.26240545659829,9.90002565420552,15.4063785352085,4.36247178241771,3.00038226353815,8.10882563497307,13.0907485360437,10.524777291917,7.44061134431189,7.44359036636672,8.32536601777399,1.95332633571641,2.35880554891888,6.59269762584866,1.57286881587097,1.05467416251563,5.47408067986063,2.67496812699891,2.54784980938555,8.58616862296012
"TCGA-58-A46L",4.91552228703877,7.87673637300175,6.40545667671568,9.67672901565483,14.8938001514407,5.44884394242628,4.80717405859276,7.58764605354149,12.3496302892025,11.1649688983963,7.07245874369604,7.10402708673611,8.30298937729662,2.75629830221495,3.25333204003739,5.46189786230041,1.67063189126403,1.37185378345166,4.99849168566629,2.71327812055944,5.1432759786023,8.20546258147224
"TCGA-96-A4JL",4.9900434062779,7.71985749234259,5.4527790213833,9.12089958946175,15.2210063570509,5.64180700265571,0.98625291280681,9.94717464485409,12.7907601747021,7.55935871875437,7.24051190395848,7.15991729042351,7.80933521345739,2.4038185139685,3.16525192579662,6.77028608362322,0.98625291280681,0.894064164497172,5.39928712012491,3.61845974224283,7.19656208703097,9.14046761269904
"TCGA-68-A59I",3.58878610155194,9.41937822263201,7.33057426456971,8.44917361885027,15.3869634967089,4.58895965559049,2.75844112851601,8.38461928859182,11.8210532232106,8.22695168393608,7.54524497975985,7.53942364544164,10.106798824372,3.81122809475813,6.54328475319092,6.55102063292338,5.1739800429809,3.1329776818279,3.86186447347872,6.02091468706732,2.8615770784131,8.7046004309449
"TCGA-43-A56V",4.20424583119301,8.80032610752808,7.41993906590496,11.6295481324208,15.2000676298342,4.57780723281557,4.92688977066388,9.46344430964876,14.3282658140277,10.8267446002486,8.16087280965449,8.13594252474869,9.43306676634205,3.63698787296887,4.91391243679991,7.82711192444214,4.13882716285934,1.66864925628803,4.56125690254021,5.3103485193416,5.00239392343791,9.57275630957487
"TCGA-NC-A5HO",3.16944065551298,8.12075501868585,7.0348831507973,12.1812568118097,14.5196440004903,4.72491936055253,4.83925045758166,8.48217285369832,14.2239706717539,10.8460141683814,7.59463054227947,7.3625975479366,8.59903120889168,2.91513498319057,2.84387995822786,6.76282332792189,2.84387995822786,1.96642751398692,4.1766781361554,2.7689219489517,5.29158138408528,9.45720975872563
"TCGA-NC-A5HQ",4.69558103864375,7.04210884104023,5.32860029117056,11.3658516156287,13.7785900823802,4.69558103864375,3.95720338079832,9.59486602061014,14.1403052986129,11.1299633931272,7.59077420266353,7.69019936876743,7.60045216801631,2.43605627240043,2.43605627240043,7.13293432600842,1.02717104094294,1.20008369962907,4.85930662064053,3.04721920865562,2.74612655859608,9.5753688796392
"TCGA-NC-A5HR",4.02951181156411,7.98746678246861,6.94608346689818,11.5647772144751,14.2230810632294,5.18708974116215,1.01581439085672,9.17775959769087,13.765741929631,11.2696507773639,8.31830108550048,8.2489073021145,8.84410091071084,3.25051247996465,2.90167748343959,7.76376176796406,2.52845654879037,1.24045233292528,4.39918531557762,3.48805798888775,1.60601053951873,9.0821549239176
"TCGA-LK-A4NW",3.50755744797828,8.05797036097014,7.56314372779159,1.08502959471197,15.0003964822746,3.79663139162343,0.356543877202548,4.38578959553901,3.19066084241832,9.28916734109102,7.68411074160433,7.7475939061841,9.03458584881485,3.31778970938291,3.14566702210903,2.3799876882202,2.52757909364866,1.8168839171071,6.71825213883034,2.6614627649835,1.56680736221917,4.65021988487961
"TCGA-SC-A6LM",4.41058065189025,11.1581082348883,9.35422942213781,2.69548410441475,13.9989636984505,6.21725650610312,1.06732343704214,3.20422947360812,5.55498090449731,9.08704158440671,7.51026761343652,7.48842973042253,11.6976576494405,5.72896143252645,7.44826868396203,2.69548410441475,6.4876619323749,5.19397366715293,4.68087004699481,6.83087454143984,4.25372058841102,3.11583163295703
"TCGA-SH-A7BC",3.32538641465977,9.35309533095472,7.68414775218781,1.2891498339444,13.6567674236824,5.08097144949617,0.927820620196206,5.36621872120956,3.80679422304171,9.43963181780157,7.94305304614759,7.90879181225254,10.3531867450235,3.80679422304171,4.88341754421964,3.51952177615004,3.21755334742079,2.20464156561042,5.51028347164205,4.90964260296948,2.87121282425751,6.21129264265573
"TCGA-3H-AB3M",2.79327540067192,6.79877041211973,5.25878169891155,1.33649820487464,14.7545921992622,5.92265351960372,0.225874591188873,4.59810402672368,2.86215200972257,9.75888400428758,7.91891947147746,7.85381978929344,7.06659187132796,1.82468395651101,2.4347328317438,1.95652731066274,1.89211120337635,0.885520481926621,4.38058331559701,2.29224696967599,5.03095077034559,3.89703436689704
"TCGA-UD-AAC1",4.63853003907818,5.62716517862235,3.72053633213455,0.686270125795801,14.7898182803874,5.33772461287157,0.383562192972986,5.4872446043582,3.38423303401232,10.8573237475964,9.50926733967561,9.47293908123287,5.92708639290208,1.41957880103019,0.9363473450684,2.97316600085623,0.542840459014811,0.204490077181787,6.33890061096645,1.71553847222863,2.51618235878382,4.25710531082409
"TCGA-UD-AAC6",5.08417501460251,9.91916405551883,7.80755177209434,1.92996744254228,14.6545712181703,3.72744161811981,0,4.69447350715167,4.70561569001344,9.8030381144018,9.60119260118567,9.57826523913146,9.94730508723375,4.92168134535383,6.1138292251202,2.58944951087777,5.27577238197105,3.98689518080721,3.83282329430395,5.39757213272248,2.54050891405089,4.51610890652361
"TCGA-3P-A9WA",4.59127087871182,5.37481703058684,3.91204257898796,10.7965824728306,10.6828623147772,5.05122786851442,8.10415583979196,11.4865214446131,14.0920951984805,11.1008132116585,8.53959294657205,8.64206862959888,5.76437474051483,1.41542553205677,0.965537551171233,9.67766815993789,0.562078756833643,0.562078756833643,2.98326397769045,1.53882667378793,8.87874309309097,11.6459999599379
"TCGA-OY-A56P",5.17827682713875,6.42848132887353,3.94967116555323,10.5643392719443,15.3317456753513,9.42427168360595,3.58924335199842,10.588420721171,14.1365012029514,9.00459318134869,7.48500072642339,7.54306421671097,5.81867299890523,1.03633804293745,1.85899072721398,8.17481671747001,1.36542547113943,0.336573611771906,3.58924335199842,2.0541698514411,8.63574804030085,9.84030117020716
"TCGA-OY-A56Q",4.11290276296667,3.97948377656421,1.71919614753477,10.509804415018,16.1141460780092,9.32331527785734,5.6918236240287,10.4691618958325,13.6717988235898,9.04655431968374,8.75911964943077,8.81158931716896,4.36554291350972,1.01357088216744,1.18499559222976,8.66266599030724,0.327371201139992,0.327371201139992,3.11132583256168,1.18499559222976,9.16075192662085,10.6345595038902
"TCGA-IB-7645",3.07855433222152,9.72402000708078,7.98584305245943,7.06195608050871,13.584113876757,4.97780382436243,1.13831513925799,8.05654731964778,9.66802918574448,6.47850039373037,6.20074691919273,6.20074691919273,9.90735420930619,3.94624932007858,5.25694923445164,5.03177800844285,4.15520925417349,3.37429599115337,5.27496490617956,4.38822729200506,4.48426924417635,9.37365375931463
"TCGA-EB-A5FP",6.32516390885532,7.82261984510401,6.9296134898696,4.90265560622803,14.5843794900534,4.9797873913652,3.30315926932358,4.94942773072304,10.8308910612776,11.3637424037283,9.59202598829307,9.55658698701883,8.0613572530664,3.09703141127643,2.20602050544056,1.21050420062263,2.98175586164142,1.21050420062263,10.296182808015,3.15138947493655,4.37244873792127,4.46119829695109
"TCGA-EB-A6QY",6.48437525712795,8.11360192094153,8.97583171001714,5.59865691301919,14.1721219025465,3.90286235860294,7.40679619999701,7.15154405517453,12.595643588508,10.9650722493436,7.99907777808895,7.98552079775445,10.0348809201809,4.41542445032607,2.80365585410449,3.74016727446747,2.31847592675349,2.80365585410449,10.7719545563831,3.82380702620332,3.40208362662727,7.34797419777655
"TCGA-BR-6709",2.53753985077087,8.61047078829675,7.84365830302116,2.60613091354626,16.6639303440994,4.2116115819708,1.4309430347742,2.46552422117729,5.00439015211383,10.5778573090308,9.91906148393248,9.92578629385931,8.96652456658717,4.18942853414856,2.90731564712605,1.57479567590206,2.13502816302582,1.57479567590206,5.38230366299781,2.79427028977623,4.07308901970674,2.30971957013095
"TCGA-BR-8690",2.63225309039157,8.46637843599223,6.51932011468315,8.66744836228606,13.4113367451857,4.83862140136539,0.923369799891086,8.49390640889184,11.6284306000094,9.09253862213041,7.86544863136038,7.8215250772732,8.42256877175587,2.71337711118123,3.59897279121002,7.19395764593125,1.48185741271698,1.38613385192339,5.68329151662725,3.72169539767873,5.51247077113392,8.42332250441504
"TCGA-2G-AAF1",4.04710340333554,11.7726560678377,9.52650915897575,6.41282319694903,13.8350644547229,6.45850058325009,4.93977406782572,0.936281001540868,9.24377562848393,8.97009022944681,8.21359321888653,8.18217322419937,11.8980741039155,6.1224956216936,5.86799152063016,0.542797875829652,6.59200935859844,4.59360816250195,6.83264343144864,6.26926554530852,6.04143629689955,0.936281001540868
"TCGA-YU-A90Q",4.69871488886217,11.9956978143619,9.59269337321754,8.40350955888133,14.4228841471486,7.65804680614144,5.90998634904014,1.72148422066304,8.90044628560386,10.0831791862917,6.54960920092236,6.73114474293691,11.9219806798618,6.28918078953462,6.89793951544611,1.05122312575989,6.04998427617062,4.95531257093195,5.96762574213213,6.40584697700741,6.23152620284991,1.78698855435991
"TCGA-EO-A1Y5",4.21173811020392,6.67346197016394,5.69273795559084,9.99795444466231,13.5428792360661,5.85956045339183,5.6717805678206,9.40499281533207,12.1947697650695,11.4686426634398,7.66372651435741,7.73617641352377,7.56772734735328,2.45300941876211,0.80399489148132,8.53229601469649,0.80399489148132,0.80399489148132,3.77407910896459,1.08331073623912,7.0596398923545,10.1078478728112
"TCGA-BG-A2AE",5.17285446319169,4.2668425236708,3.87266970964231,10.3318887109938,15.9199486775114,2.87736851145844,0.709122090861488,8.76609081602334,14.0771611900705,9.3135286050959,8.3593214226122,8.33612874070147,5.50578300931057,0.965110469539704,0.842786593690633,7.30193255909478,0.709122090861488,0.212509575488309,4.51733213991127,0.561796325858582,7.79075432981835,9.2206423082699
"TCGA-AX-A2HF",5.46870506777195,10.0186208043027,8.75220705438764,10.3016867233191,16.0206142044177,9.28172591925943,3.29887748886312,8.38573093041353,13.5648567198257,11.2137162792614,6.80540329789558,6.89930207831965,10.2693494998693,4.44956751513284,6.19344745532965,7.10690551399697,5.13661451696391,3.41051356095374,3.64163238012468,5.65024912857476,10.0856801219455,10.0393935798334
"TCGA-FI-A2D5",5.00332981682633,7.19541283115443,6.55515455346995,9.71042229513589,15.8175675153471,6.15555293703791,0.454100070724067,9.22905485717442,12.6884838643031,11.2460498263106,5.71712640812007,5.78160817667576,8.71975849027968,2.58352558246316,2.75143844057358,8.86246525593522,1.07709530315983,1.3101725721044,3.98158929175323,2.86567616806845,1.60150778916813,9.6419333672205
"TCGA-FI-A2EU",5.14790128086342,4.08418335026598,3.4616798145041,9.00212729644678,15.3776818808671,4.65634173876586,7.91994939228935,10.2156283345918,12.0480556024306,13.0198984843711,6.61764265715869,6.64169923505018,5.37917081201205,1.34545371868261,0.632633962134927,9.37576446411826,0.411682220031408,0.411682220031408,2.77276550195625,0.526383365042417,6.8011449043708,11.1323986037653
"TCGA-EO-A22X",3.77108469219432,10.0433749325767,8.87597480269905,8.48589499510374,15.1054387637239,5.99045981311607,1.01854302369536,9.44830801723787,11.8569528598357,9.19329118383693,5.78212670859764,5.86063669008087,11.4427762423534,3.92516649634842,7.19141321759171,8.23148312730396,3.77108469219432,3.09137148846095,3.6387189078831,6.53629425163726,6.33100764855571,10.5672321940992
"TCGA-EO-A2CG",3.74845060597017,9.2311875110327,7.24845832755483,8.1433487368656,13.1700790546067,6.81878352084059,5.26001443662967,7.25299076370397,11.5551972193511,5.53346308490034,4.54540069033471,4.80022603633179,9.52913797755286,3.64189105551105,5.17795039195303,6.07401126636436,3.23376322975655,1.70291724944387,3.04355746342674,3.4567090465424,4.33675897030848,7.7353425738716
"TCGA-AJ-A2QM",4.7867228535193,6.70290142078931,5.20168823563468,8.95058738959199,15.7295466705614,8.61134189339309,2.03835154200079,11.3697743899731,13.1761586916908,10.6079980955379,4.24982485194231,4.11142023659229,7.32522357335681,1.94827900837753,1.63843348113756,8.87161882887709,0.803939527017782,0.582306460221197,3.18271994361001,1.99401810424763,6.58455856470691,10.805403422045
"TCGA-BG-A2L7",4.91852658505342,6.30564713652337,4.46397870570603,10.7296197256795,13.9647172773369,7.28981604414546,5.93786732140417,10.2151681726087,13.2726845492005,10.8301992205764,6.90652666595382,6.83717507975566,7.06951694214892,2.26732514621834,2.03131190717136,7.53840295895279,0.240782022575821,0.240782022575821,2.8430849941514,2.3722732031024,4.14651291675913,9.94437561695345
"TCGA-EY-A2ON",4.99231575043621,4.87879482651216,3.34378585836114,9.88540870390592,12.6982687229833,3.90398776397575,1.4679591870944,10.0706493183098,12.8209640458564,10.0009193124142,7.45171478003513,7.40053223427424,5.57186374759711,1.28992710151679,1.4679591870944,8.87563422605844,0,0.214837271002694,3.22493473337186,1.08679123770721,6.17260408171229,9.86890433089278
"TCGA-FI-A2EY",4.89308689770021,6.59723606493684,4.86194340778498,10.4941245177881,14.2964271640604,3.30509369700206,3.63485750601878,9.4822219926598,13.3408627860256,9.8879248367527,7.07907647268955,7.04308450890706,7.53652004481053,1.75687000537523,2.11486571807577,7.81786668536655,1.0775841457157,1.18214689384306,4.76426366022167,2.90772730841254,5.4007805101087,9.96345487490753
"TCGA-AJ-A3BD",5.42599450925624,5.1648935351864,3.83648841324704,9.35708936195007,12.7699847900457,5.78995254930798,2.63676102489851,7.96912314249702,12.3114572627868,9.60180913536355,5.80227202006709,5.90865479814142,6.10043422273916,1.27706588932996,1.41180476792198,6.86464627241334,0.307128879833645,0.307128879833645,3.42316775797297,1.27706588932996,5.95352965454328,8.74159082364634
"TCGA-AJ-A3EK",5.66955245380602,7.90651335968578,6.10322208297501,9.32168747386537,14.909622613976,6.30929133140186,4.90590624567665,9.9332008476555,12.7805247722646,10.386579023181,6.04570556681144,5.8769382502213,8.83482521737405,3.08487742296282,3.20983559018567,7.18501273447721,1.34217923181333,1.10534619304793,3.26847721265677,3.64559191921198,2.91172877512552,9.70376834471943
"TCGA-EO-A3AV",4.68466963640324,7.03364314440906,5.93710148193769,10.3346986421853,14.3550680692337,5.7500871322509,3.38965271013157,8.78630373236006,12.8454229003563,11.1981295048912,8.30019227384027,8.05592709477704,8.40766599084759,2.52112915303684,2.01697547465665,6.77726959903519,1.01133890898853,1.23534412817267,1.89093302170554,2.13288508915689,5.81226144475873,9.87535497572123
"TCGA-EO-A3B1",5.32356588612986,6.91082414639554,5.21941927586062,8.85849862145606,12.2743761385973,7.17623719985407,3.62702894404909,9.20765712339669,12.3857597044331,8.74986869683332,5.15634742561858,5.36599702036665,8.19497307013994,2.71763124304443,2.5313375395317,8.39860714454314,0.675936940892421,0.997152919293999,3.22756842875208,3.09930075962887,5.42069777297687,9.34480621652335
"TCGA-A5-A1OH",6.16549789838736,12.5954140764709,10.423712354372,5.97647504158512,14.2858032447689,8.60546959880467,4.41008821730753,5.45577536439423,8.68509720214469,10.292146692546,4.80580035376579,4.87211201015643,12.8204565005087,6.64668692161661,9.79416796307496,3.92680624789948,6.98907868183074,6.21488328396959,5.89270034639991,8.69612211653812,6.03264102514533,5.19066459519713
"TCGA-A5-A3LP",4.6682083824389,5.40887157428787,3.68089580746879,11.3203242083072,14.1117968794141,7.08045140161747,1.23693706836438,8.91100120576492,13.9268203672168,11.5655467793645,7.90468860770628,7.92208943402237,6.54640430778609,1.55509855480346,2.16651236090364,7.93928288194158,0.661349200939296,0.828156291356389,6.03459648145456,2.16651236090364,6.90487360910353,8.87571362987932
"TCGA-AJ-A23N",4.22070505326215,8.80073090708821,7.73437598720933,9.6490475268081,14.6148526700648,7.91169064723571,2.39280373513307,10.083464477469,12.6001968845491,11.4433821395577,6.22844937100569,6.22844937100569,10.1183732202657,3.61673302650282,3.40142335781555,8.07868266244512,1.43333766438417,1.04470395949226,4.62042952349763,4.17049243003872,6.89723091247043,10.3680697106047
"TCGA-AJ-A3I9",5.09974978366232,7.67729961003807,5.35575504734048,11.2584032251068,10.9589565011601,7.04108116944098,3.47385703190147,11.1004829981059,13.6931407638982,9.02398475034562,6.85384999846318,6.78776876770296,8.18365169636392,2.62727273850813,3.0700382293794,10.4688433647629,0.578404515220624,0.798918152601399,2.56851154481573,2.79043112961123,0.990151808903208,10.8523444853606
"TCGA-AJ-A3OK",6.4995639043099,9.27158297670745,6.78642904399484,10.4115784022416,15.2722086240641,6.84386175985707,5.79478689019947,9.8985437162363,13.0340716166053,10.2162058448897,7.47566916476547,7.48725043379311,9.74722039709627,3.88829437308311,4.17278439275392,8.53645145187439,1.73604327300644,1.88356177796356,3.87071674354509,3.55574205555629,0.923427611815048,9.32620785011773
"TCGA-AJ-A3OL",6.29132632237521,4.81740038995767,3.40578315372711,10.3252244876025,15.1287272039298,8.47847179706982,2.34716501945812,10.6308450575621,12.9110152902068,11.9841320607508,2.85224379472538,3.33130608444626,5.69093529986676,1.27619529105166,1.37836956628678,8.46909483650444,0.236032107046672,0.236032107046672,3.52195640975754,1.04718657117156,3.08159033870104,10.492801687013
"TCGA-AJ-A3QS",5.57578052543907,6.66675769946522,8.48453867245902,8.54464341191424,13.7145223784125,6.36223337117814,3.91557491714948,8.87627407450403,11.5676646139747,10.3467876873519,6.19808055714094,6.08771961811515,10.0421403744202,4.62978481836473,5.33936367926356,6.51736401620231,0.727158074649922,2.64223969688441,3.43704472666049,5.96064079441284,4.1599447004958,8.72248716266758
"TCGA-EO-A3KU",5.36332588863772,8.92750135581969,7.19519260068535,9.45493047394288,12.3564829845304,6.73588591912351,4.34014036502035,9.87476600128151,12.7304770782799,11.0112864130948,6.30472040357676,6.34201779490599,9.59360081098036,3.50483061652219,5.11016940369217,7.18906502707855,3.89445071439899,1.9629054420932,4.66845405389981,5.21037935659239,6.5760244855651,10.0890079580847
"TCGA-EY-A3L3",5.76104847532934,5.37570653223707,3.91669331905029,10.9390655579748,13.5436184510631,9.51537493121677,3.50187500888555,10.282941045877,14.0685796893178,10.6220381238581,9.45602492138644,9.46050593412651,6.2994113553582,1.25723032574122,1.1320773238037,7.81980300200393,0.482587077423488,0.261377962708265,2.87891206572213,0.995026401780269,6.78713920443841,9.51321977463923
"TCGA-EY-A3QX",5.49669079655828,7.28295249709003,5.53571180556971,9.99578880527112,15.688656057649,6.93928688469426,3.8282336890446,9.90990745666027,13.191944817888,11.5809753739662,7.49579898049312,7.5571413290264,7.93825941163937,2.46960027353566,2.3579111557875,8.02537621131319,0.868098031957646,1.40626998370565,4.02389581640183,1.79733054337339,6.73650550397122,9.63761374725741
"TCGA-AP-A5FX",5.87032533470427,4.78897803030638,4.3808640715982,12.001695447194,14.069922167081,4.0379445174627,4.5384176029226,11.5883717898965,14.7503493279483,9.74763835727959,7.99794598922826,7.98545495828152,5.65203741129491,2.43497323233522,1.58661055946664,9.54897650353656,1.13885181338594,0.263446717242949,2.85012511461171,0.849095341010389,2.20356828410383,11.4326091370749
"TCGA-EY-A4KR",2.88019455323189,5.68149275353768,5.0105141865745,10.7493498438242,12.9710605100926,5.63746893725983,2.16042070729027,9.48286321562685,14.0969559207758,9.56447882329222,8.73253750537994,8.74361173060743,6.22951676674356,2.03028168933197,0.658471087364144,7.67801995165802,1.1089037729784,0.254355791238084,2.27978535592941,1.54992984253896,6.04383800626511,9.5537858259951
"TCGA-EY-A54A",3.40787153855653,6.33438004302515,5.83065912387957,9.35811803920587,13.2570021015194,3.79729858242417,1.00861668121938,9.39490873354039,13.1016974062976,9.57749182371437,6.46406906150847,6.60196619443712,7.71058605983503,2.96917241382866,1.91951056402335,6.07220718012511,1.00861668121938,1.00861668121938,3.47505971340927,2.65830244109251,6.88431405478117,9.72839800454913
"TCGA-QF-A5YS",5.11632279115708,4.69482894557867,3.73821896795495,10.6601606614422,14.143044431078,6.69384410227898,2.82126999325157,10.8407048312257,14.4071746929378,10.1709815976927,7.74430029815958,7.75691528043308,5.26503318201737,1.17339355578011,0.877307645962736,8.20956407847722,0.702841912911331,0,3.54486047774834,0.702841912911331,7.20831874682416,10.6166044627358
"TCGA-QS-A5YQ",5.95493554870832,5.58085959851583,4.73987698870681,11.7726340670358,15.3479136843762,6.86448870737439,3.81539487575656,9.88554796484828,14.4763232770284,9.76784127332112,7.47919898735309,7.43808297010082,6.31627968509539,1.93870658714631,1.06340146688532,8.57170286303054,1.20653320491537,0.904490263663381,2.58816293345789,1.3367369798628,6.28031911269664,10.2175745175707
"TCGA-E6-A8L9",5.2104675745925,7.16869882090435,4.69125268909939,9.0967741601678,15.9508980771787,6.43021887468945,2.98159696315738,10.2070634551904,12.7835935283639,7.47500991632227,6.07424550434713,6.04439715775845,8.36021866077297,2.12850754547308,2.27278615204866,8.81237717634453,1.34085960731219,1.05180014796104,1.96817998435271,2.48518618617905,9.45574707594242,10.0637765266172
"TCGA-QS-A8F1",4.3802980713871,8.85674097279064,6.48267469434588,9.34686706375127,14.0331740416862,5.83726264384694,2.66671387839145,9.2554847198999,13.1172568800996,8.64227183247829,7.48602732060093,7.60039807129141,9.46174466187877,3.60545462719053,4.99277250873281,7.73648069050803,3.50905326256994,2.47588255578004,3.67819080984285,4.15673411209578,7.08248999880308,9.43706792914404
"TCGA-2E-A9G8",5.75294673431823,4.60006906124137,3.33336605339542,10.4960678087134,14.8904451973453,6.53421389373527,8.70428851753774,10.5247605111095,13.6724643466981,11.768187672173,8.36182429258996,8.2685540283617,5.09668509341731,0.734968388060436,0.734968388060436,9.25788724225826,0.734968388060436,0.528978316487064,3.39540615298915,0.915187388361591,10.0206070436099,10.6533150089079
"TCGA-BG-A0VT",3.49814489577006,7.16116766641753,6.38186064653315,10.5443364012393,16.6784725058585,5.53344962871555,5.97257829061943,9.63493087054623,14.0100219711114,9.13784852535155,8.22725944420051,8.27600856151935,7.3551474836468,3.03728012267556,2.03201300893704,7.65702413478704,1.61345338694638,1.61345338694638,2.84388377621441,2.03201300893704,6.87505047244638,9.55026519303771
"TCGA-N5-A4R8",5.45667819963189,5.11856480200646,6.0851256714285,6.87062943600122,14.0222667124577,6.68390356722242,3.92663624682592,4.74144881102577,8.93996559328541,10.8946747755965,5.50449235548166,5.46636863849492,7.84415484627179,2.96483885966035,3.50577154685591,3.64880502313578,1.61908992342649,1.98540242572212,4.31775852965761,3.54288118419918,5.10622120697771,4.49863632202003
"TCGA-N5-A4RF",5.75484347257628,4.02774104453482,3.91961600842986,7.76362266472456,15.3766465723101,5.452571121634,0.836054193821386,7.37402886940314,11.0873934549672,11.8643992751062,6.85341527222285,6.95277223786476,5.27380369133564,1.12283238369927,0.477760208921177,5.98687238732591,1.74652001800915,0,7.30048595482861,1.36194910599642,5.99577533507562,7.16497409337394
"TCGA-N5-A4RJ",5.66353843646746,3.74649572553609,5.40085983598446,7.56377215206777,14.1578954963051,6.27435834095267,1.52354890901678,8.61100478761563,10.564471849618,10.0255737509124,6.40777902086097,6.252349972796,7.05220847878705,1.93072257942666,2.50777815216115,6.86184244452942,0.303777241876034,0.954186630336061,6.92997816200589,2.50777815216115,5.28422620216283,8.5742187147295
"TCGA-N5-A4RM",4.26541754196126,11.0937829240528,11.9050863000138,7.96987433314084,14.9665320715827,5.45860580009027,2.38746428695567,5.3476356470817,9.71812986521355,10.826058978701,7.65731654147067,7.7431262906637,12.8488904137088,7.83649990707472,7.10578353591907,3.24256257023618,6.81177740371416,5.39305300969089,3.02900578424795,7.71434103465575,2.63437696413412,5.37052306096997
"TCGA-N5-A4RN",3.73709106711096,10.5515875007811,9.53209241698864,6.36470645314029,15.8100226674085,5.76995529042029,1.79364580760461,6.19465616753614,8.70581708888071,9.22142332862322,7.04546526150298,7.07969563123238,11.2549898857111,5.76995529042029,5.57042224839531,3.69844953545187,5.5916640995879,4.64178634264449,3.77472455463737,6.4659531503226,4.37400929226965,6.02545772867513
"TCGA-N5-A4RO",6.3060020294501,10.6145848413198,10.5834973952753,6.89954616792905,12.9900555471145,6.97537441124872,3.0441156960691,5.60042855066306,9.2263968770184,12.464633024618,6.68482431873047,6.87994958025267,11.8179047578188,6.87500856040518,7.59006388736412,3.99090994560695,7.62285495730241,6.283804381924,5.00031907082342,7.58402097029606,6.87500856040518,5.18731881411842
"TCGA-N5-A4RT",5.73426007957116,3.66167994842412,5.47896494736309,11.2009559280449,15.5311406970897,7.27312851436365,4.25781059411755,8.64184089237954,13.0884129413167,11.0890527330695,5.61225219670034,5.54714730282449,6.78418085843785,1.19852118427333,3.13261944842807,7.25285516511741,1.19852118427333,0.897907977484899,6.08556415138821,2.81629966849085,5.71067002198378,9.10580819195756
"TCGA-N5-A59E",5.21822591003399,5.20382838082396,5.45547070994716,10.6755962532274,15.0291066412853,6.98083927215889,4.70797633545887,7.91009102234734,12.4871592250623,10.4524811825733,6.81075871670162,6.78680945730013,7.03876912773291,2.86473983514785,1.98447925294558,6.50501556998445,1.68611859665602,2.11331610706814,4.41486163756046,3.76214563330305,5.80935794957931,8.01277081206775
"TCGA-N5-A59F",4.26951346597922,10.5184573705407,9.36776100237185,8.99581634579863,14.8511583849632,5.70070290274638,5.1479361122177,9.88058510913884,11.9420370746283,8.34922946560545,6.55415918688443,6.53332333069744,11.2883137697258,6.64297814368911,6.54526635128017,7.76520129013217,5.57817602607356,4.96443167240634,4.33976899595552,7.18736643573967,7.84466800123773,9.92439710348264
"TCGA-N6-A4V9",2.66302871769165,11.6320339430533,10.3659214259879,10.9874308476197,14.0999608999765,4.79014995000518,1.70333507420067,8.92648565297161,13.963988411278,9.22240612687423,6.26878171922276,6.28784636622619,11.6703120766213,6.68585708179471,7.43384798567097,7.11314949770605,6.97412198272726,5.67973483584636,4.62005744260064,7.33832597940226,8.16369292351607,8.54271062434207
"TCGA-N6-A4VC",4.93391004592805,6.24856542325664,6.03197005993213,12.4035246225246,13.5956763087157,5.84159436176489,3.66849189379927,9.86906095624746,14.2324491551682,10.6414620925081,8.45902449987556,8.43713163207074,7.40968647164714,2.1200944354741,2.44968444412615,9.37085477151671,1.92195192216079,1.41879011378913,5.35359698199943,3.22775046995857,8.85721517167862,10.2269774763825
"TCGA-N6-A4VE",5.04638632916554,7.06533429122085,6.87908436457287,11.2517450193494,15.7674636108761,7.61502617920501,6.01559520099245,9.27739967719387,14.1583881132221,10.9314853243882,6.46004522371576,6.46651390547294,8.09166902317251,3.3916292992622,3.96699462499324,8.63450599045136,3.81307467475567,2.61897180009831,7.25289494933856,4.29236662025602,6.63103044278519,9.3020223260518
"TCGA-N6-A4VG",4.57755402738319,5.29287335009419,4.37626030372106,8.35485304499931,12.3963651861505,6.06296077280559,2.15142568349144,8.6028832213146,10.3920499401424,9.11357705395578,5.66223467233895,5.62376092028568,5.95862495567029,1.41457179429721,1.78374244101757,7.15801009923373,0.637164131096966,0.637164131096966,3.45875431108254,1.78374244101757,4.69354488716322,8.62658806025961
"TCGA-N7-A4Y0",5.69551926540049,6.97173010362483,6.62693815277833,5.98317866116521,13.4436417148562,6.68153220665089,1.18305705622638,6.1729700999674,7.70115758547881,11.5345553898709,10.9498360313559,10.846109973167,8.32154038612984,3.10826399545018,1.18305705622638,5.19282796739465,1.18305705622638,1.82421714149896,4.02209123297679,3.77670810858731,1.82421714149896,5.83048975320684
"TCGA-N7-A4Y8",3.63016139026519,9.2761613773513,8.78561597304975,2.92400940548607,12.9983775682229,3.69832439793966,0.484772313473973,2.37666073496662,5.04217183869627,8.6807083902238,5.69819205265528,5.52757881216708,10.3911003870495,4.29060701473291,5.43072072583828,0.677213246086909,5.5213200546316,4.03347198625959,3.10231160781046,5.51503399520585,3.26098146357506,2.3200949966439
"TCGA-N7-A59B",4.15706861744585,4.82140292091585,4.68433182995936,11.60746946746,15.5873138821965,6.75598771191785,1.83295318763811,11.0664110188808,14.3091905222687,10.0847001603617,6.76815291603749,6.73382844022717,6.05594967407568,1.97406999980921,1.30122180533309,9.19434960981442,0.63146753029845,0.45005675790912,1.50104061328952,2.03976868936422,6.73382844022717,10.8325714154715
"TCGA-N8-A4PI",6.89595299638002,9.88474214818186,10.0606513357816,7.45700043353339,16.6614824427486,7.63352271279903,4.86381666834695,8.19129482972149,9.84824073209391,11.8154510492503,6.79241111658112,6.68085951487815,11.2827782467873,5.92146463313566,5.87614083912949,6.91400568186892,6.06571227482885,5.25229283790984,4.64348889057329,7.16075192914151,5.4384180505155,8.13853045335749
"TCGA-N8-A4PM",5.81350524459279,3.2262881012276,3.16914782071678,12.8498632002002,14.2668102595569,8.90026872013101,3.57319054201053,11.3078270772581,13.9086694697744,11.5065152606758,6.75765988727812,6.82856787597398,4.97851370154951,1.06367412275792,1.29493770265922,10.4457397566539,0.447225818612911,0.788127732805189,5.25052350815158,1.29493770265922,7.54742690125289,11.963040075746
"TCGA-N8-A4PN",5.26633162657996,11.1996316924051,10.2549070442068,4.11779709145161,13.9505990564211,4.99887877070619,1.61589131020849,4.88715660531044,6.63179356056535,9.74132181970717,5.34737219815804,5.32467853030679,12.5324533131713,7.22114368901412,8.49754672756797,3.0816469174031,8.23239238479733,7.09271891163706,5.71332153978229,8.08151453126539,2.4871155949452,4.75760399576092
"TCGA-N8-A4PO",4.13302142691981,8.39866381785502,7.67171038724573,10.0825332262005,14.6553848004325,6.79306781155559,2.27249146622765,9.88729512942847,12.8338109960029,9.62180406657439,6.66273830670699,6.66273830670699,9.52996427795271,5.00003904240625,4.28252802466767,7.77167797814003,3.88350469225538,3.33004676923972,3.08559002640156,5.88254530957517,7.34383712897938,9.58726997525196
"TCGA-N8-A4PQ",5.24291970391966,6.84203100414381,6.06779751385918,7.2250407158836,14.4494517321622,5.36707589108367,3.16041522107493,7.35318417625683,10.1102851125781,7.88155982681861,6.24547778874596,6.28274147169056,7.58820257909151,2.4692712676636,2.54132724221694,5.65382918248737,2.22861339000274,1.70876993621894,3.92411176549171,2.85584123555317,4.00278648764762,6.61876221306519
"TCGA-N8-A56S",3.81409519007658,6.79708003824397,6.2404335566638,9.17105858440815,13.7062524941563,5.52565294373048,2.14025742485636,9.78537399158787,11.9631213726942,9.12776411088234,6.63611850105392,6.70581695758634,7.79673477813374,3.03483672245971,2.36900044650468,8.05170337559845,1.86828495119603,1.86828495119603,4.35780983692516,2.93120251988349,5.17116090164243,9.46694608978932
"TCGA-N9-A4Q1",5.53333415578506,10.6858923109134,9.77135027572815,5.85306330611721,14.6180852023579,6.03497532092253,0.855315219225027,4.04751771138219,8.04602614635672,9.71939906181573,6.17403842683723,6.23109704118414,12.1908002830727,7.05586790985784,7.51871910706314,3.52594432375595,6.91979890902493,6.58244891084532,4.01899916327923,8.07228666746215,3.4425033901565,4.56415381997016
"TCGA-N9-A4Q3",3.58422798199447,9.59526518450607,8.84719730735055,6.50241486361992,14.8562347213399,6.72863813929927,0.983484349664123,9.30054369503464,8.83026129882873,9.73706659675354,7.05183312704721,7.04116803707989,10.429558864064,5.91568858398896,6.22930985415776,7.68118273427266,5.9729247300504,4.86272418318291,5.2895452333619,6.2056270061689,8.67249006731544,9.30333572682998
"TCGA-N9-A4Q7",5.06459822398316,5.85335806657352,5.10096709650747,4.88853918747243,15.1788316577616,4.84631568856034,1.19000099167105,10.0404748824082,6.90907918622714,9.6373534251573,8.91033130856027,8.98277216959434,6.39744999564956,1.43760328087415,1.64887081329008,7.88492830745057,1.43760328087415,1.43760328087415,6.14220371718558,1.43760328087415,4.5100751486639,9.73821221962475
"TCGA-N9-A4Q8",5.02700573936093,7.55068173568275,7.45275559256957,11.045380848245,14.9993741855247,5.3249405409096,2.54229198056457,10.669558301624,12.9690638466616,10.562924902744,8.04026888468704,8.1423457640043,8.59353003316281,3.6251619908867,3.6805028258621,9.15452360722021,3.78519616390141,2.48126793773934,3.20206237204091,4.45873279155011,8.20502149801359,10.753003783816
"TCGA-ND-A4WC",6.47930719264265,6.95847666672365,6.92965022395267,12.0911648166235,13.2332771916536,6.59397752403262,1.26658147606285,9.95698978274833,13.898200511507,11.7951183564176,9.26286403142948,9.24375350431517,8.3860854425985,3.18332325915759,1.93047848066068,8.92701132001734,2.17465249306353,1.63638657797382,2.72762273869653,3.61438782219993,6.35472932168367,10.3140115292294
"TCGA-NF-A4WX",4.88015021842246,10.3344787245336,9.48774667758309,9.63679881907746,14.8970664526868,7.14361804675038,3.00358442774122,8.65655315910677,11.9809414007318,9.83714773381406,3.80026792578897,3.97990991659173,11.0564294331648,6.08870397968654,6.70157260727809,6.2409368438684,5.81341012080764,4.89813771581103,4.54552622896817,6.73448261834812,6.10428343848404,8.19689363088558
