"mRNA","logFC","AveExpr","t","P.Value","adj.P.Val","B","mRNA_clean","hgnc_symbol"
"ENSG00000127946.17",0.552489932741936,3.00586300157447,4.65145092572717,6.93217954388408e-06,0.0358997102062855,3.34049769629813,"ENSG00000127946","HIP1"
"ENSG00000254910.1",0.531125145016288,1.57890547541113,4.62651789549599,7.70812265361679e-06,0.0358997102062855,3.25020723745212,"ENSG00000254910","ENSG00000254910"
"ENSG00000163993.7",-2.24743634497875,4.73178958667403,-4.60215863500005,8.54679192491123e-06,0.0358997102062855,3.16233822818116,"ENSG00000163993","S100P"
"ENSG00000178381.12",-0.602449594258906,3.2126603256298,-4.44140519952909,1.67379643158549e-05,0.050353117094768,2.59110118527695,"ENSG00000178381","ZFAND2A"
"ENSG00000114473.14",0.542679536661071,1.9220326722222,4.41436462722861,1.87109023060657e-05,0.050353117094768,2.4965063366195,"ENSG00000114473","IQCG"
"ENSG00000107331.17",0.547861946314851,2.60312142098675,4.29054215203258,3.09770420289826e-05,0.0577126121493814,2.06894782590577,"ENSG00000107331","ABCA2"
"ENSG00000162738.6",0.834452823432735,3.6196221546022,4.18571057459899,4.70937312958775e-05,0.0718340783896779,1.71427034101644,"ENSG00000162738","VANGL2"
"ENSG00000139209.16",-0.535071108159957,0.605068114259398,-4.14669252315773,5.49361275335844e-05,0.0718340783896779,1.58399877174781,"ENSG00000139209","SLC38A4"
"ENSG00000070404.10",-0.935903838535752,3.24049659743567,-4.10279822463218,6.52497821871558e-05,0.0718340783896779,1.43858650806359,"ENSG00000070404","FSTL3"
"ENSG00000147509.14",-0.543953831759724,0.716023042117911,-4.01746944439204,9.08245304811789e-05,0.0800662407483836,1.15939843851965,"ENSG00000147509","RGS20"
"ENSG00000020633.19",0.695877150541296,2.57761915454793,3.9867428322671,0.000102185800620638,0.0800662407483836,1.06000206960755,"ENSG00000020633","RUNX3"
"ENSG00000187479.8",-0.813080095052641,2.59911072519916,-3.974687916215,0.000107002900163351,0.0800662407483836,1.02117190581975,"ENSG00000187479","C11orf96"
"ENSG00000165238.16",0.59775371913539,1.86127825577903,3.91614049980959,0.000133638727348986,0.092477999325498,0.833921223349766,"ENSG00000165238","WNK2"
"ENSG00000066405.13",-0.910351307999498,0.511870431993358,-3.85387449520964,0.000168834853524,0.102229503808782,0.637228248691171,"ENSG00000066405","CLDN18"
"ENSG00000188322.8",0.917437041875344,3.04012259675293,3.84501227538435,0.000174508565558349,0.102841338200649,0.609440088925058,"ENSG00000188322","SBK1"
"ENSG00000073849.16",0.717043066256355,2.85686690454206,3.8391847401549,0.000178337580694767,0.102841338200649,0.591195619074939,"ENSG00000073849","ST6GAL1"
"ENSG00000148468.17",0.928683056979481,3.23204719919895,3.81238401208928,0.000196997039096156,0.107159292595461,0.507578421745427,"ENSG00000148468","FAM171A1"
"ENSG00000275993.3",-0.626075516357497,1.56808641369081,-3.74026944038651,0.000256832845804987,0.112343105720833,0.284952881259027,"ENSG00000275993","ENSG00000275993"
"ENSG00000172379.21",0.70114751221636,2.08062921521078,3.73232197383521,0.000264391289268681,0.112343105720833,0.260630714019515,"ENSG00000172379","ARNT2"
"ENSG00000197019.5",-0.546924556781751,3.84039139708417,-3.66457150680786,0.000337935981766937,0.127848756823276,0.0550157974020022,"ENSG00000197019","SERTAD1"
"ENSG00000175592.9",-1.04800933487512,2.63277226994248,-3.65609695469454,0.000348390501665409,0.127848756823276,0.0295149082187764,"ENSG00000175592","FOSL1"
"ENSG00000106366.9",-1.16079721508749,4.08107476023911,-3.64288718905733,0.000365297599808006,0.131053879698222,-0.0101374779329344,"ENSG00000106366","SERPINE1"
"ENSG00000158457.6",0.598258791288668,3.01658225160343,3.63303115833699,0.000378413590739267,0.131053879698222,-0.0396454513204487,"ENSG00000158457","TSPAN33"
"ENSG00000272379.1",0.701723609867642,2.88270195267149,3.6327690113823,0.000378768438434166,0.131053879698222,-0.0404293896546797,"ENSG00000272379","ENSG00000272379"
"ENSG00000085552.17",0.65880722579166,3.25020966309896,3.62472018654482,0.000389817555275969,0.131729389256401,-0.0644762203757141,"ENSG00000085552","IGSF9"
"ENSG00000117266.16",0.501365580154096,2.64473443261768,3.6234430148862,0.000391598514717626,0.131729389256401,-0.0682878610497299,"ENSG00000117266","CDK18"
"ENSG00000164023.14",-0.515786108022211,1.71763463035293,-3.5966183963607,0.000430825529163817,0.13254080738031,-0.148086677604604,"ENSG00000164023","SGMS2"
"ENSG00000182272.12",0.95106955925437,3.21619808272895,3.59564441930013,0.00043231724950638,0.13254080738031,-0.150974832159834,"ENSG00000182272","B4GALNT4"
"ENSG00000186891.14",0.911305956658574,3.00065522641513,3.5877233545902,0.00044463101586094,0.1346120400519,-0.174439172753356,"ENSG00000186891","TNFRSF18"
"ENSG00000165389.7",-0.524192852082746,4.78021201791113,-3.48473009833428,0.000637952289944447,0.15526995324829,-0.475594204507667,"ENSG00000165389","SPTSSA"
"ENSG00000126821.8",-0.525258646525647,2.38600574633274,-3.44299378548548,0.000736825025710358,0.16586126530664,-0.595533619075904,"ENSG00000126821","SGPP1"
"ENSG00000096088.16",-1.13726744298059,0.82735930859806,-3.42990307047712,0.000770684950080622,0.16586126530664,-0.632901662243185,"ENSG00000096088","PGC"
"ENSG00000119986.7",-0.638940538423852,3.73012494173354,-3.41606302647815,0.000808065579020246,0.166314754872835,-0.672277761071797,"ENSG00000119986","AVPI1"
"ENSG00000147689.16",-1.20578364232332,1.79896683493378,-3.41566782585786,0.000809157514202564,0.166314754872835,-0.673400161400339,"ENSG00000147689","FAM83A"
"ENSG00000178026.13",0.526167527246381,2.59965807245504,3.38496249673666,0.000898349565882046,0.171323043194198,-0.760269026976936,"ENSG00000178026","LRRC75B"
"ENSG00000105971.15",-0.746201073725546,2.60733114167966,-3.37530057576026,0.000928265789570755,0.173048751601744,-0.787465937727179,"ENSG00000105971","CAV2"
"ENSG00000139182.15",0.510929051276379,3.95067277867865,3.37251116296549,0.000937074469521446,0.173251478258087,-0.795305438498343,"ENSG00000139182","CLSTN3"
"ENSG00000197119.13",0.538913138445667,2.8506948595638,3.36507967511061,0.000960925413031902,0.174989575215283,-0.816164342391692,"ENSG00000197119","SLC25A29"
"ENSG00000136720.7",0.504490488896033,4.27985590787473,3.35013668204902,0.00101061195629622,0.176885730420184,-0.857988155418032,"ENSG00000136720","HS6ST1"
"ENSG00000169783.13",0.76247292585314,1.89233126569826,3.34136417696815,0.00104088914644116,0.176949692018104,-0.882467542308684,"ENSG00000169783","LINGO1"
"ENSG00000100504.17",-0.658060230759538,3.89171940298989,-3.33941827906927,0.00104771901197927,0.176949692018104,-0.887890088677648,"ENSG00000100504","PYGL"
"ENSG00000182871.16",0.647965320176695,4.76787624784246,3.30273303744177,0.0011845771208623,0.180237563881786,-0.989614062450086,"ENSG00000182871","COL18A1"
"ENSG00000268104.3",-0.870794402212254,1.26053039105823,-3.2798673382982,0.00127813175714799,0.184085075860917,-1.05253127930289,"ENSG00000268104","SLC6A14"
"ENSG00000272927.1",0.504338717616355,1.17102651228887,3.27584702931156,0.001295276148138,0.184085075860917,-1.0635548020138,"ENSG00000272927","ENSG00000272927"
"ENSG00000196436.8",0.636157192617002,1.46932124928529,3.27481948248692,0.00129969231924925,0.184085075860917,-1.06637043135408,"ENSG00000196436","NPIPB15"
"ENSG00000125845.7",-0.732944411157794,1.71246426499965,-3.26807335840181,0.00132903585948133,0.184632515809073,-1.0848369670181,"ENSG00000125845","BMP2"
"ENSG00000105426.17",0.563894462406092,2.94746080710171,3.24798393672941,0.00142011412520533,0.185177201321817,-1.13963495989943,"ENSG00000105426","PTPRS"
"ENSG00000183943.6",0.513153595633253,2.92630417022545,3.24507024852016,0.00143379613239276,0.185177201321817,-1.1475585013809,"ENSG00000183943","PRKX"
"ENSG00000196188.12",-1.09397826368296,1.009508327133,-3.23996936512123,0.00145804445687532,0.185872763175845,-1.16141520343999,"ENSG00000196188","CTSE"
"ENSG00000056998.20",0.632082537249514,2.05681008140241,3.23895523881536,0.00146291060143741,0.185872763175845,-1.1641678707557,"ENSG00000056998","GYG2"
"ENSG00000073737.17",-0.59808356989131,0.911755163454653,-3.23147471415642,0.00149927433785824,0.186529901647224,-1.18444950090361,"ENSG00000073737","DHRS9"
"ENSG00000166923.12",-0.656697030970884,1.38016839621156,-3.23096366202372,0.00150178905124726,0.186529901647224,-1.1858336201294,"ENSG00000166923","GREM1"
"ENSG00000136244.12",-0.596965604951932,1.13895691767903,-3.20837994249224,0.0016169134305318,0.189277325878355,-1.24681012761545,"ENSG00000136244","IL6"
"ENSG00000104951.16",0.755331226753593,2.98042668000691,3.20593876416352,0.00162983715303798,0.189277325878355,-1.25337924295547,"ENSG00000104951","IL4I1"
"ENSG00000231982.1",0.509594533007961,1.04115517295482,3.20381913958303,0.0016411363256011,0.189277325878355,-1.25907956565841,"ENSG00000231982","MCF2L2P1"
"ENSG00000160191.18",0.658521263900815,2.09340001322571,3.20290060906337,0.00164605533887934,0.189277325878355,-1.2615487650787,"ENSG00000160191","PDE9A"
"ENSG00000170153.11",0.550490528834709,1.31772763741772,3.19619189584172,0.00168240000670149,0.190118902057807,-1.27956460938246,"ENSG00000170153","RNF150"
"ENSG00000102302.8",0.520431815289174,2.0028487343268,3.19514031760596,0.00168816407227746,0.190118902057807,-1.28238559808741,"ENSG00000102302","FGD1"
"ENSG00000235280.2",0.554566346470832,1.7242377855756,3.19238076744904,0.00170337744618266,0.190118902057807,-1.289784614734,"ENSG00000235280","MCF2L-AS1"
"ENSG00000130701.4",0.554544634570645,1.9568506285689,3.18049073457003,0.00177039425697788,0.194312496340978,-1.32160136893446,"ENSG00000130701","RBBP8NL"
"ENSG00000171298.13",0.500782406227248,4.99901884478584,3.158348150233,0.00190176307448694,0.198535621318624,-1.38057889632109,"ENSG00000171298","GAA"
"ENSG00000090013.11",-0.600873572432707,5.32593946070705,-3.1548945720367,0.0019230493384569,0.198535621318624,-1.38974539860337,"ENSG00000090013","BLVRB"
"ENSG00000165716.11",0.603645160112126,1.95364288062764,3.15436440349295,0.00192633654045734,0.198535621318624,-1.39115180352967,"ENSG00000165716","DIPK1B"
"ENSG00000197747.9",-0.738549044336245,7.87972599274766,-3.11286866389858,0.00220039056390597,0.217524324317561,-1.50059198983148,"ENSG00000197747","S100A10"
"ENSG00000185215.11",0.762335315604088,5.10733005818312,3.11054969081186,0.00221672252028089,0.217527860508719,-1.50667078670792,"ENSG00000185215","TNFAIP2"
"ENSG00000162873.15",0.612360812120546,1.00585483807077,3.09849751205267,0.00230342379335608,0.220153307989308,-1.53819992904694,"ENSG00000162873","KLHDC8A"
"ENSG00000172156.4",-0.503418585499844,1.1263459343143,-3.07568269365769,0.00247619287936733,0.222038796725471,-1.59759208291828,"ENSG00000172156","CCL11"
"ENSG00000215182.8",-0.595437072919701,0.420336995557989,-3.07224300680993,0.00250325535227952,0.222038796725471,-1.60651309319211,"ENSG00000215182","MUC5AC"
"ENSG00000173156.7",-0.681924350400113,4.8105483319235,-3.06944623854768,0.00252546057838903,0.222038796725471,-1.61376022506036,"ENSG00000173156","RHOD"
"ENSG00000178726.7",-0.824256834801708,2.76979819594319,-3.06208241453213,0.00258479920530173,0.222038796725471,-1.6328141298281,"ENSG00000178726","THBD"
"ENSG00000116741.8",-0.80021195478763,4.05596273311347,-3.04830613144214,0.00269927943870567,0.222038796725471,-1.6683526614084,"ENSG00000116741","RGS2"
"ENSG00000144749.14",0.760019975258389,3.62916052049931,3.04792049705726,0.00270255032716956,0.222038796725471,-1.66934545834229,"ENSG00000144749","LRIG1"
"ENSG00000158856.18",0.533094289607489,2.87519322096492,3.04332853477796,0.00274178057976063,0.222038796725471,-1.6811587804927,"ENSG00000158856","DMTN"
"ENSG00000013588.9",-0.942905032001744,3.97086834515942,-3.03925796969234,0.00277699483612445,0.222038796725471,-1.69161769385917,"ENSG00000013588","GPRC5A"
"ENSG00000175315.3",-0.961847906789357,2.73232292049905,-3.03722187590164,0.00279476501770202,0.222038796725471,-1.69684462846029,"ENSG00000175315","CST6"
"ENSG00000117318.9",-0.6425125128598,5.43828505309323,-3.03534720976145,0.00281121896710288,0.222038796725471,-1.70165443885415,"ENSG00000117318","ID3"
"ENSG00000275395.6",0.65796581469104,2.0025890062468,3.02944932097563,0.00286356895646545,0.224451909791564,-1.71676959103509,"ENSG00000275395","FCGBP"
"ENSG00000128268.12",0.586308604007659,1.73222750823439,3.02706552566485,0.00288498146172796,0.224676048241322,-1.72287147619518,"ENSG00000128268","MGAT3"
"ENSG00000226816.3",0.610928471671472,1.12110867520172,3.00581823567936,0.00308245760846534,0.226903661920674,-1.77707244138005,"ENSG00000226816","ENSG00000226816"
"ENSG00000106541.12",-1.42448803333435,4.47913197851171,-3.00192598766889,0.00311995417847543,0.227101337512825,-1.78696502359877,"ENSG00000106541","AGR2"
"ENSG00000128602.11",0.620598127163132,3.32328671263653,2.99226772461182,0.0032148190538986,0.227675652765189,-1.81146384196788,"ENSG00000128602","SMO"
"ENSG00000256234.1",0.624561668881099,0.8928353699821,2.9906840098203,0.0032306254073694,0.227675652765189,-1.81547440456144,"ENSG00000256234","SSPN-AS1"
"ENSG00000104490.18",0.556549940468457,1.99102602034745,2.99002227667742,0.00323725102191244,0.227675652765189,-1.81714960828783,"ENSG00000104490","NCALD"
"ENSG00000153294.12",-0.648452352111273,0.99316963997393,-2.98990507611445,0.00323842579663246,0.227675652765189,-1.81744627213025,"ENSG00000153294","ADGRF4"
"ENSG00000166592.12",-0.862579147142424,2.53394316162297,-2.98926599442993,0.00324483861482636,0.227675652765189,-1.81906376698351,"ENSG00000166592","RRAD"
"ENSG00000003436.16",-0.553247022156131,1.41277379371334,-2.95517147903878,0.00360437821143201,0.23317369660618,-1.90491368279889,"ENSG00000003436","TFPI"
"ENSG00000124882.4",-0.570079196339058,0.624527250096721,-2.95103584373247,0.00365039347080842,0.233278442910238,-1.91526807115921,"ENSG00000124882","EREG"
"ENSG00000069188.17",0.521285680632259,1.15407568803026,2.94824244495403,0.00368177877776199,0.234049034113899,-1.92225465107475,"ENSG00000069188","SDK2"
"ENSG00000064787.13",-0.516958607387854,0.859842055709591,-2.9440318725775,0.00372955503372902,0.235375600960774,-1.93277467547994,"ENSG00000064787","BCAS1"
"ENSG00000160886.13",-0.5236741146023,1.04204721639768,-2.91583885994611,0.00406439330839011,0.235375600960774,-2.0028713979107,"ENSG00000160886","LY6K"
"ENSG00000167653.5",-0.941536602829772,1.60540585791702,-2.91139077564991,0.00411966968988849,0.235375600960774,-2.01387615714088,"ENSG00000167653","PSCA"
"ENSG00000006210.7",0.67173497040631,3.46054525918101,2.90643359618731,0.00418208342624247,0.236107367327722,-2.02612288633091,"ENSG00000006210","CX3CL1"
"ENSG00000153404.14",0.516984588078331,1.52933526644716,2.90128058314238,0.00424787977296946,0.236161768834052,-2.03883379603271,"ENSG00000153404","PLEKHG4B"
"ENSG00000125775.15",-0.710376409408015,2.23450865355772,-2.89817761737308,0.00428795586291914,0.236427088127396,-2.04647820872769,"ENSG00000125775","SDCBP2"
"ENSG00000120129.6",-0.731304112674689,6.05115808749818,-2.89606583669095,0.00431542799841685,0.236427088127396,-2.05167660229263,"ENSG00000120129","DUSP1"
"ENSG00000168961.17",0.579794650022559,3.52849818322882,2.88835329646436,0.00441713451103262,0.239335565676085,-2.07063332863629,"ENSG00000168961","LGALS9"
"ENSG00000075223.14",-0.63696056235803,3.35507670378945,-2.87845544740805,0.00455087161237105,0.244394923396068,-2.09489552963506,"ENSG00000075223","SEMA3C"
"ENSG00000185818.8",0.601080876078748,1.48017639905345,2.86065290359882,0.00480077006809604,0.246344599680691,-2.13834771889786,"ENSG00000185818","NAT8L"
"ENSG00000050405.13",-0.527340372538397,3.96482411760757,-2.85749526264597,0.00484638195232333,0.246510666457733,-2.14602978485695,"ENSG00000050405","LIMA1"
"ENSG00000059728.11",-0.523680372538906,2.53178392730363,-2.85551061553006,0.00487525223919299,0.246510666457733,-2.15085426558156,"ENSG00000059728","MXD1"
"ENSG00000116016.14",-0.604211226381005,4.18692819519334,-2.85116436389472,0.00493902570959,0.246660221134325,-2.1614091419631,"ENSG00000116016","EPAS1"
"ENSG00000203697.12",-0.771908891095675,1.18151259643126,-2.84207791024296,0.00507482053545579,0.246660221134325,-2.1834293036894,"ENSG00000203697","CAPN8"
"ENSG00000086548.9",-1.32395306340024,2.91054521282552,-2.83966043217538,0.0051115185416078,0.246660221134325,-2.18927727715971,"ENSG00000086548","CEACAM6"
"ENSG00000142449.13",0.559205300454499,0.986380217904197,2.83535088727835,0.00517753976616963,0.246660221134325,-2.19969122290877,"ENSG00000142449","FBN3"
"ENSG00000170370.12",1.09005430595169,1.9373822532833,2.83272281627857,0.00521818208507135,0.246660221134325,-2.20603498653798,"ENSG00000170370","EMX2"
"ENSG00000171747.9",-0.76382436388479,0.889238303008301,-2.82556498858755,0.00533035555431835,0.246847440775507,-2.22328626456453,"ENSG00000171747","LGALS4"
"ENSG00000169071.15",0.510540086639124,2.16037221012767,2.81964460037155,0.00542479297562934,0.247294977896587,-2.23752570145738,"ENSG00000169071","ROR2"
"ENSG00000181444.13",0.537880022481023,2.72882331511684,2.81243537082132,0.00554184682748438,0.247576558584128,-2.25482896234375,"ENSG00000181444","ZNF467"
"ENSG00000143382.15",-0.525330048563574,1.52828603501566,-2.81020702201324,0.00557849058666923,0.247576558584128,-2.26016933125941,"ENSG00000143382","ADAMTSL4"
"ENSG00000136155.17",-0.775353704933961,1.45441973068614,-2.80510846906083,0.00566316459732285,0.247576558584128,-2.27237407424446,"ENSG00000136155","SCEL"
"ENSG00000143126.8",0.549594672497114,3.00289727139503,2.80315910153716,0.00569584673097239,0.248117639971495,-2.27703516536498,"ENSG00000143126","CELSR2"
"ENSG00000161682.15",0.71400831966351,2.26796280175708,2.8002119837932,0.00574558281100917,0.24851156161189,-2.28407645123114,"ENSG00000161682","FAM171A2"
"ENSG00000141510.18",0.508580496313245,3.91595650318479,2.79422778317017,0.00584779164369173,0.24851156161189,-2.29835357260583,"ENSG00000141510","TP53"
"ENSG00000128567.17",0.545959200394374,3.81812739776454,2.79019767790051,0.00591755442064626,0.24851156161189,-2.30795319893773,"ENSG00000128567","PODXL"
"ENSG00000272636.4",0.53353140846992,1.76129244370994,2.78687169712881,0.0059756978972987,0.248531026708549,-2.31586626918891,"ENSG00000272636","DOC2B"
"ENSG00000125848.10",-0.616590655228207,1.5248087377131,-2.7863634215318,0.00598462900415651,0.248531026708549,-2.31707479800994,"ENSG00000125848","FLRT3"
"ENSG00000157368.11",0.581870401380844,2.00144428590628,2.78590214698278,0.00599274474500211,0.248531026708549,-2.3181714013342,"ENSG00000157368","IL34"
"ENSG00000113070.8",-0.57129633639591,2.60872936830081,-2.7658320212132,0.00635570427450744,0.253182824882517,-2.36572716138198,"ENSG00000113070","HBEGF"
"ENSG00000125740.14",-0.874070961724929,2.66114979990198,-2.7649795468151,0.00637155407963983,0.253271711341613,-2.36774025434464,"ENSG00000125740","FOSB"
"ENSG00000107984.10",-0.840095797476908,1.70152746838129,-2.75900778844298,0.00648359579530187,0.253278532519696,-2.38182676698065,"ENSG00000107984","DKK1"
"ENSG00000268903.1",0.54150742240557,1.94445853011595,2.7466689308934,0.00672078300458517,0.255373884284724,-2.41084569747026,"ENSG00000268903","ENSG00000268903"
"ENSG00000163898.10",-0.658445099658412,1.66519637645147,-2.74622980106439,0.00672936758533735,0.255373884284724,-2.41187630393635,"ENSG00000163898","LIPH"
"ENSG00000168679.18",-0.500353850321467,1.54020712734154,-2.73298990806793,0.00699291329874205,0.256107611888544,-2.44287981435358,"ENSG00000168679","SLC16A4"
"ENSG00000125148.7",-0.677459074235262,7.35566257498267,-2.7296316188188,0.0070612327020798,0.257177527886275,-2.45072240406392,"ENSG00000125148","MT2A"
"ENSG00000229847.9",0.781217855667921,1.31058616349803,2.72173265770653,0.00722431657729611,0.257886784445271,-2.46913457838581,"ENSG00000229847","EMX2OS"
"ENSG00000170786.12",-0.748925306843885,1.70021597732279,-2.71069355915848,0.00745795088918662,0.258784485008739,-2.49478578141555,"ENSG00000170786","SDR16C5"
"ENSG00000105976.16",-0.63316950100781,3.14014888317767,-2.69601122402635,0.00777928848514056,0.264095473868687,-2.52875703423895,"ENSG00000105976","MET"
"ENSG00000205364.4",-0.685823961263791,2.4290266752286,-2.68874612284373,0.00794287936132904,0.264095473868687,-2.54550510045265,"ENSG00000205364","MT1M"
"ENSG00000158825.6",-0.721350736652162,2.84584887908974,-2.68728407406858,0.00797617438467267,0.264095473868687,-2.54887059633404,"ENSG00000158825","CDA"
"ENSG00000197705.10",0.690436227499922,1.25812283499558,2.68574683516383,0.00801131772436905,0.264095473868687,-2.55240739030902,"ENSG00000197705","KLHL14"
"ENSG00000116285.13",-0.579283084539721,4.38094189609286,-2.68534507719222,0.00802052549039325,0.264095473868687,-2.553331431572,"ENSG00000116285","ERRFI1"
"ENSG00000285417.1",0.926086141406891,1.61321739787013,2.68274767123296,0.00808028582096596,0.264095473868687,-2.55930243952427,"ENSG00000285417","ENSG00000285417"
"ENSG00000157570.12",0.558908733502478,2.08871915981641,2.66709846952949,0.00844893136576625,0.266673704060038,-2.59516687768569,"ENSG00000157570","TSPAN18"
"ENSG00000102024.18",-0.552480270504259,5.29241426353871,-2.65371942994434,0.00877606574281251,0.266673704060038,-2.62567815290465,"ENSG00000102024","PLS3"
"ENSG00000171476.22",-0.646692595317784,1.81553805028895,-2.65146686746471,0.00883225404539759,0.266673704060038,-2.63080152726078,"ENSG00000171476","HOPX"
"ENSG00000197956.10",-0.66878052591168,9.22458243756193,-2.62798685005574,0.00943755330424678,0.267820665058797,-2.68397130669143,"ENSG00000197956","S100A6"
"ENSG00000125618.17",1.07818076580178,2.28263455421734,2.62776721198206,0.00944338761189977,0.267820665058797,-2.68446664645976,"ENSG00000125618","PAX8"
"ENSG00000108342.13",-0.551059222360931,0.706588646223118,-2.62570371867792,0.00949835954932933,0.268436719118736,-2.68911851561721,"ENSG00000108342","CSF3"
"ENSG00000134323.12",0.674300669644785,1.60961343854525,2.62137080334722,0.00961472803212226,0.269444720072508,-2.69887570372636,"ENSG00000134323","MYCN"
"ENSG00000287853.1",0.524509751402564,0.90474764600541,2.6161482870729,0.00975669279922225,0.269444720072508,-2.71061672819306,"ENSG00000287853","ENSG00000287853"
"ENSG00000019102.12",-0.715216344696029,1.68165928567904,-2.61372261483699,0.00982326951506104,0.269444720072508,-2.71606278643261,"ENSG00000019102","VSIG2"
"ENSG00000242265.6",0.955931718012007,3.38985302478547,2.61213210888208,0.00986714521360513,0.269444720072508,-2.71963126073931,"ENSG00000242265","PEG10"
"ENSG00000197930.13",-0.500613387970144,3.85276317946861,-2.60306004591182,0.0101207940154334,0.269444720072508,-2.73994770849846,"ENSG00000197930","ERO1A"
"ENSG00000161281.11",-0.547092627812807,3.07626465186883,-2.59292076077653,0.01041120495927,0.269444720072508,-2.76257813568235,"ENSG00000161281","COX7A1"
"ENSG00000164266.11",-1.04804601205167,1.4017968971687,-2.59253824868027,0.010422306003234,0.269444720072508,-2.76343031373367,"ENSG00000164266","SPINK1"
"ENSG00000110852.4",-0.58273315558014,2.48984420288513,-2.58959926520122,0.0105079547557622,0.269444720072508,-2.769974102409,"ENSG00000110852","CLEC2B"
"ENSG00000101222.12",0.513150804230492,1.22504553518563,2.587226800208,0.0105775543466921,0.269444720072508,-2.77525158595736,"ENSG00000101222","SPEF1"
"ENSG00000205362.11",-0.681060968167381,1.68772058909911,-2.58327234718764,0.010694484151595,0.269444720072508,-2.7840383781405,"ENSG00000205362","MT1A"
"ENSG00000071575.11",0.530747569579018,3.77238649812192,2.57839021106736,0.0108404445131792,0.270251495760673,-2.79486961010769,"ENSG00000071575","TRIB2"
"ENSG00000127324.9",-0.931144844642432,1.80727866032961,-2.56715072041825,0.0111832855135234,0.271105513266989,-2.81973399678655,"ENSG00000127324","TSPAN8"
"ENSG00000117525.14",-0.807849872575307,3.72769144779221,-2.56630444799286,0.0112094889578866,0.271105513266989,-2.82160214446596,"ENSG00000117525","F3"
"ENSG00000170382.12",0.647530200613505,2.04033306406299,2.56609949450518,0.0112158432821438,0.271105513266989,-2.82205449519688,"ENSG00000170382","LRRN2"
"ENSG00000221890.6",0.516617480664837,2.19070246047732,2.56031413636941,0.0113965483603618,0.271905704946905,-2.83480971892428,"ENSG00000221890","NPTXR"
"ENSG00000100985.7",0.775147834214304,4.06493969557059,2.55681337466721,0.0115071572077034,0.271905704946905,-2.84251525291352,"ENSG00000100985","MMP9"
"ENSG00000021300.14",0.599466056942223,2.34493570001449,2.555646837341,0.0115442277910095,0.272418049358361,-2.84508078560737,"ENSG00000021300","PLEKHB1"
"ENSG00000182013.18",0.707909230353058,2.65272554398719,2.55221029703581,0.0116540578396296,0.272912348837539,-2.85263246686798,"ENSG00000182013","PNMA8A"
"ENSG00000166426.8",1.0744565620671,2.45666124147668,2.54780647251983,0.0117961693967974,0.272912348837539,-2.86229617427208,"ENSG00000166426","CRABP1"
"ENSG00000041353.10",-0.522948848891786,1.6310737442825,-2.54750985112802,0.0118057969195388,0.272912348837539,-2.86294652996705,"ENSG00000041353","RAB27B"
"ENSG00000196352.16",-0.546422216323667,4.05742595912016,-2.54680162770885,0.0118288123801901,0.272912348837539,-2.86449906217287,"ENSG00000196352","CD55"
"ENSG00000137441.8",0.676431662759852,1.01518306500258,2.54229541424185,0.0119761960801956,0.274620050028643,-2.87436813314897,"ENSG00000137441","FGFBP2"
"ENSG00000260549.2",-0.654516039750586,2.51557216825437,-2.52849520782312,0.0124378331427768,0.277107961653058,-2.90449273970109,"ENSG00000260549","MT1L"
"ENSG00000165188.13",0.518916896714126,1.09178818020035,2.52327406196164,0.0126165947699974,0.278300478442018,-2.91585097538857,"ENSG00000165188","RNF183"
"ENSG00000134824.14",0.542446229104897,3.54115127012822,2.52179391104844,0.0126676882041056,0.278413256173718,-2.91906703615339,"ENSG00000134824","FADS2"
"ENSG00000124875.10",-0.547386021868693,1.05492787070842,-2.51339793711545,0.0129610237190307,0.279467407217685,-2.93727709572773,"ENSG00000124875","CXCL6"
"ENSG00000140511.12",0.541631875408605,3.6371042281635,2.50397453433319,0.0132974673112381,0.281378316900353,-2.95764938687334,"ENSG00000140511","HAPLN3"
"ENSG00000176788.9",-0.647035482001883,4.89516689933965,-2.49838323052007,0.0135007576875796,0.281533080213893,-2.96970402412079,"ENSG00000176788","BASP1"
"ENSG00000173894.11",0.584520453305175,2.87921924258915,2.49821059206732,0.0135070784148862,0.281533080213893,-2.97007583341596,"ENSG00000173894","CBX2"
"ENSG00000122641.11",-0.609370836673525,2.121916346095,-2.49407709351254,0.0136592064796389,0.282944855486483,-2.97897107280336,"ENSG00000122641","INHBA"
"ENSG00000188257.12",-0.699831479332017,1.43262509931633,-2.49350594122609,0.0136803467051916,0.282953029205585,-2.98019912494974,"ENSG00000188257","PLA2G2A"
"ENSG00000256393.1",-0.526802075026603,6.06625804310086,-2.4908089684706,0.0137805651781768,0.283022116942903,-2.98599448896541,"ENSG00000256393","RPL41P5"
"ENSG00000144063.4",-0.513873321332396,1.2210368150642,-2.49077355676431,0.0137818854055743,0.283022116942903,-2.98607054486043,"ENSG00000144063","MALL"
"ENSG00000196611.5",-1.01280702124576,3.1748756195421,-2.48924127859342,0.0138391202612034,0.283118544182091,-2.98936056398128,"ENSG00000196611","MMP1"
"ENSG00000101443.18",1.38165794003902,6.72817279343586,2.48278186157021,0.0140827334105648,0.284711021038297,-3.00320945657552,"ENSG00000101443","WFDC2"
"ENSG00000077782.21",0.589347193348441,3.14485172300902,2.46121609372342,0.0149239773057191,0.290358472416581,-3.04920711630937,"ENSG00000077782","FGFR1"
"ENSG00000137198.10",0.609330507613343,2.86548241337398,2.45053256625319,0.0153570504429174,0.292872253328709,-3.07185758919285,"ENSG00000137198","GMPR"
"ENSG00000143320.9",0.881079049354074,7.2524445860656,2.44884087238423,0.0154266406419251,0.293736821027851,-3.07543590083687,"ENSG00000143320","CRABP2"
"ENSG00000184956.16",-0.617997647997354,0.692686013418766,-2.44188879183709,0.0157155748127849,0.295365505023229,-3.09011726840373,"ENSG00000184956","MUC6"
"ENSG00000100558.9",-0.62513526250319,3.07874229058972,-2.44039911803347,0.0157781085149742,0.295365505023229,-3.09325816292487,"ENSG00000100558","PLEK2"
"ENSG00000279806.1",-0.508913354809831,0.977780932414686,-2.44022077060917,0.0157856099938816,0.295365505023229,-3.09363408046882,"ENSG00000279806","ENSG00000279806"
"ENSG00000105974.13",-0.631841702174126,4.20688614907658,-2.4378610784181,0.0158851596528476,0.295365505023229,-3.09860541999401,"ENSG00000105974","CAV1"
"ENSG00000105388.16",-1.03042632437403,2.06421663775955,-2.43400949177706,0.0160488462891998,0.295367064684208,-3.10671034410542,"ENSG00000105388","CEACAM5"
"ENSG00000184160.8",0.613938818401582,2.15033708393959,2.4189659996701,0.0167026026631438,0.298771814255054,-3.13825351701092,"ENSG00000184160","ADRA2C"
"ENSG00000186897.5",0.522466089429963,0.989857973316506,2.40103896514934,0.0175124134643493,0.303350503604096,-3.17560770250851,"ENSG00000186897","C1QL4"
"ENSG00000196208.14",0.519055620677777,1.45555946503372,2.38611576742387,0.0182128385490679,0.307183112575505,-3.20650746876487,"ENSG00000196208","GREB1"
"ENSG00000127824.14",-0.575707796217275,4.19069621826519,-2.38476553605603,0.0182774174410675,0.307188102955623,-3.20929447146331,"ENSG00000127824","TUBA4A"
"ENSG00000114631.11",0.570643743098671,4.61634479555988,2.38407955560634,0.0183103039894619,0.307188102955623,-3.21070984102638,"ENSG00000114631","PODXL2"
"ENSG00000163132.8",0.97020204947373,2.80297426150531,2.38400804614176,0.0183137352285331,0.307188102955623,-3.21085736342792,"ENSG00000163132","MSX1"
"ENSG00000263961.8",0.771237673861551,1.76846518872235,2.38399001809939,0.0183146003578827,0.307188102955623,-3.21089455422544,"ENSG00000263961","RHEX"
"ENSG00000088002.12",-0.634371673185652,1.8264431116656,-2.38125874369042,0.0184460866597367,0.308019492162056,-3.21652601509949,"ENSG00000088002","SULT2B1"
"ENSG00000164488.12",0.649951593520378,1.66233066606158,2.3717594073149,0.0189099120438374,0.310618206583256,-3.23606574827387,"ENSG00000164488","DACT2"
"ENSG00000143416.21",0.668111899940682,4.43131203406587,2.37136504203843,0.0189293884279062,0.310618206583256,-3.23687538162142,"ENSG00000143416","SELENBP1"
"ENSG00000024422.12",-0.525242083046291,4.57459797703175,-2.36985871326796,0.0190039440732293,0.311417811538304,-3.2399667353933,"ENSG00000024422","EHD2"
"ENSG00000271447.6",-0.622207747422947,1.66067722854142,-2.3628924291054,0.019352121183958,0.313307737349908,-3.25423964377807,"ENSG00000271447","MMP28"
"ENSG00000254726.3",0.639575393435657,3.14416514431092,2.35632723530729,0.0196853898703141,0.315539472309072,-3.26765523031111,"ENSG00000254726","MEX3A"
"ENSG00000183696.14",-0.529402434058058,2.90069426188989,-2.3508532910713,0.0199671212793052,0.317117165498212,-3.27881452730644,"ENSG00000183696","UPP1"
"ENSG00000158747.15",-0.505398778438902,5.37236335135548,-2.34312888657342,0.0203707215652427,0.317954497095205,-3.2945208149034,"ENSG00000158747","NBL1"
"ENSG00000169715.15",-0.81103377721459,4.77688166066302,-2.34008693148116,0.0205316249173036,0.318766638139162,-3.30069299480001,"ENSG00000169715","MT1E"
"ENSG00000135916.16",0.7290399763143,6.37250145480604,2.33217756205324,0.0209552365435983,0.320806985373939,-3.31670650098812,"ENSG00000135916","ITM2C"
"ENSG00000021355.13",-0.559584702799594,4.87823341503189,-2.32736193679443,0.0212169021001281,0.321630372361009,-3.32643174431689,"ENSG00000021355","SERPINB1"
"ENSG00000108244.17",0.751521829779125,2.65356725731017,2.31085487001186,0.0221357734706894,0.326282031521726,-3.35962668399324,"ENSG00000108244","KRT23"
"ENSG00000122756.15",0.701679861511563,1.6076158704836,2.30739758901138,0.0223325911224532,0.327093377202044,-3.366551366759,"ENSG00000122756","CNTFR"
"ENSG00000180340.7",0.50516975001483,2.82351172545193,2.30602321314906,0.0224112578913275,0.327230451751448,-3.36930147039671,"ENSG00000180340","FZD2"
"ENSG00000118985.16",-0.505040928186466,2.68920408032149,-2.30187952394451,0.0226499089357501,0.327925128615814,-3.37758372371067,"ENSG00000118985","ELL2"
"ENSG00000021826.17",-0.669467937803849,0.97434859293651,-2.29197704163164,0.0232292816696684,0.330514698031836,-3.39732044129258,"ENSG00000021826","CPS1"
"ENSG00000276644.5",0.533922002406413,1.53014967503241,2.27550734869642,0.0242216806897035,0.334208555008481,-3.42997127937104,"ENSG00000276644","DACH1"
"ENSG00000164764.11",0.615992001507031,1.98691750922165,2.26939709841583,0.0245991880168858,0.33641577287915,-3.44202906925172,"ENSG00000164764","SBSPON"
"ENSG00000169583.13",-0.654859619378511,3.30043422073873,-2.23552560555481,0.0267865713559413,0.346955770265825,-3.50832277636214,"ENSG00000169583","CLIC3"
"ENSG00000144857.14",0.518938505065295,1.85683151098914,2.23268126073044,0.0269777477618582,0.346955770265825,-3.51384750041829,"ENSG00000144857","BOC"
"ENSG00000123095.6",0.584965364682198,2.84871781095601,2.2313107100123,0.0270702900994876,0.346955770265825,-3.51650725425582,"ENSG00000123095","BHLHE41"
"ENSG00000185303.17",-0.938640697281272,1.03545821263102,-2.2258276617712,0.0274432889518648,0.348820481213877,-3.52713267957025,"ENSG00000185303","SFTPA2"
"ENSG00000124429.18",-0.518157988743857,1.31850146730265,-2.21880834543619,0.0279273236808918,0.349741354473216,-3.54069960639799,"ENSG00000124429","POF1B"
"ENSG00000189221.10",-0.530741658021644,2.40977081253873,-2.21777087281035,0.027999491845403,0.350282899016354,-3.54270144166399,"ENSG00000189221","MAOA"
"ENSG00000148053.17",0.528127511538992,1.19047610637904,2.21296602721298,0.028335844325272,0.351133248286047,-3.55196114704967,"ENSG00000148053","NTRK2"
"ENSG00000188747.8",0.513392685844003,3.44706937431481,2.20872520489241,0.0286356278906384,0.352078522697473,-3.56011831731436,"ENSG00000188747","NOXA1"
"ENSG00000124762.14",-0.53987252675657,5.28782485081968,-2.20205183985826,0.0291129514683598,0.352557842281837,-3.57292487350788,"ENSG00000124762","CDKN1A"
"ENSG00000134240.12",-0.639712859650358,1.12115955126467,-2.19550946716381,0.0295876009425729,0.35440736638433,-3.58544491400399,"ENSG00000134240","HMGCS2"
"ENSG00000099812.9",-0.644823232551939,3.50756056010743,-2.19480739444811,0.0296389333605256,0.354817266339061,-3.58678639238203,"ENSG00000099812","MISP"
"ENSG00000183837.9",0.510899325443769,1.21215894460657,2.16122674648087,0.0321861823799365,0.3615277577801,-3.65048168274938,"ENSG00000183837","PNMA3"
"ENSG00000186998.16",0.66443154085416,2.5355016204073,2.15726803884188,0.0324986017413511,0.3615277577801,-3.65792994328263,"ENSG00000186998","EMID1"
"ENSG00000109321.11",-0.773990646597915,2.62043705760619,-2.15700557782479,0.0325194074253384,0.3615277577801,-3.65842330851367,"ENSG00000109321","AREG"
"ENSG00000101213.7",-0.615353232424051,2.23899953989336,-2.15368533193663,0.0327836044607542,0.361850352433607,-3.66465973880437,"ENSG00000101213","PTK6"
"ENSG00000094755.17",0.816827100992595,2.4123829082812,2.13910630716459,0.0339657531690766,0.365142708353544,-3.69193702912386,"ENSG00000094755","GABRP"
"ENSG00000143995.20",0.518015474856933,2.12255815877985,2.13099001939596,0.0346396740219399,0.368980082035804,-3.70704729961084,"ENSG00000143995","MEIS1"
"ENSG00000101311.16",-0.589613683075405,1.95654800514295,-2.12793441381574,0.0348963616463574,0.369562693080357,-3.71272202771922,"ENSG00000101311","FERMT1"
"ENSG00000156298.13",0.513569944470507,2.40385319530156,2.12627196914047,0.0350367035798597,0.370239511651048,-3.71580623371963,"ENSG00000156298","TSPAN7"
"ENSG00000131746.13",-0.782271786019892,2.44731477738733,-2.12286534277436,0.0353258078681243,0.370859806035136,-3.72211922011295,"ENSG00000131746","TNS4"
"ENSG00000138166.6",-0.521004113706957,3.80968311681902,-2.11691696578272,0.0358355470187845,0.372505128238181,-3.73311967171268,"ENSG00000138166","DUSP5"
"ENSG00000163221.9",-0.645553080638542,1.20385969423004,-2.11626497960287,0.0358918014161334,0.372747188081325,-3.73432364071724,"ENSG00000163221","S100A12"
"ENSG00000104332.12",0.799072373236966,3.1310047459691,2.10961367407136,0.0364700434243916,0.37366965273489,-3.74658615994733,"ENSG00000104332","SFRP1"
"ENSG00000131831.18",0.525759922002363,2.62432925269944,2.10037823329,0.0372862190057044,0.374142949640747,-3.76355273092837,"ENSG00000131831","RAI2"
"ENSG00000149043.16",-0.53654645274475,1.47622479606352,-2.0858400534597,0.0386028130585759,0.379351356216096,-3.79011927996838,"ENSG00000149043","SYT8"
"ENSG00000164736.6",0.922685894294399,2.78275228794357,2.08417537390744,0.0387560832720846,0.379351356216096,-3.79315018409049,"ENSG00000164736","SOX17"
"ENSG00000085465.13",0.518222609737787,1.28181774366403,2.05223720998342,0.0417993384364459,0.389976878632789,-3.85085927257826,"ENSG00000085465","OVGP1"
"ENSG00000130513.6",-0.65884731839645,3.56515440402238,-2.05122020183906,0.0418995090819631,0.390386920785772,-3.85268311460848,"ENSG00000130513","GDF15"
"ENSG00000181019.13",-0.626959940303279,4.49917307867694,-2.05105427363763,0.0419158716967378,0.390386920785772,-3.85298059955323,"ENSG00000181019","NQO1"
"ENSG00000167771.6",0.551943872965287,2.41833557550879,2.05043785838707,0.041976705843132,0.390386920785772,-3.85408554311852,"ENSG00000167771","RCOR2"
"ENSG00000104447.13",0.534038311497447,2.61927092095737,2.04817172006473,0.0422010002999324,0.390863566831496,-3.85814497598958,"ENSG00000104447","TRPS1"
"ENSG00000005884.18",-0.510388148189382,3.97283170064195,-2.04626584752887,0.0423904286087882,0.391605895842169,-3.86155577322319,"ENSG00000005884","ITGA3"
"ENSG00000165474.8",-0.824434261173567,3.79566640620568,-2.03764291832302,0.0432565774275212,0.392801164457011,-3.87695016673864,"ENSG00000165474","GJB2"
"ENSG00000049089.15",0.565352448056704,3.4847958331863,2.02839829138716,0.0442018977752939,0.394632165656972,-3.8933863553156,"ENSG00000049089","COL9A2"
"ENSG00000165272.16",-0.819979113321451,4.3199049079715,-2.02687808666014,0.044359021430346,0.394977922971556,-3.89608240276195,"ENSG00000165272","AQP3"
"ENSG00000105088.8",0.547838015763185,3.58361231406253,2.02225321981366,0.0448399620966233,0.396724133437957,-3.90427276476849,"ENSG00000105088","OLFM2"
"ENSG00000155792.10",0.527723279402121,3.46398900070718,2.01796532004416,0.0452898206606395,0.398765092685116,-3.91185059882637,"ENSG00000155792","DEPTOR"
"ENSG00000114115.10",0.617136999761295,4.24676693700934,2.01557113845407,0.0455426694485941,0.400098169966723,-3.91607513277431,"ENSG00000114115","RBP1"
"ENSG00000182580.3",0.510035512589796,3.95110831795951,2.01385477342578,0.0457246724173364,0.400098169966723,-3.91910074460025,"ENSG00000182580","EPHB3"
"ENSG00000007062.12",0.654243439045305,2.30903425984902,2.00326369758758,0.04686148701489,0.401758354016057,-3.93771684280658,"ENSG00000007062","PROM1"
"ENSG00000178531.6",0.607374824329011,4.37357844224358,1.98469257080064,0.0489128262280722,0.409778156777554,-3.97013557746514,"ENSG00000178531","CTXN1"
